file_id,cell_line
9633,U-251 MG
9634,CACO-2
9635,CACO-2
9636,MCF7
9637,HEK 293
9638,CACO-2
9639,HeLa
9640,RT4
9641,U-251 MG
9642,U-2 OS
9643,HeLa
9644,CACO-2
9645,CACO-2
9646,RT4
9647,CACO-2
9648,HeLa
9649,CACO-2
9650,RT4
9651,MCF7
9652,CACO-2
9653,HEK 293
9654,HeLa
9655,A549
9656,CACO-2
9657,U-2 OS
9658,CACO-2
9659,PC-3
9660,RT4
9661,RT4
9662,MCF7
9663,MCF7
9664,A549
9665,RT4
9666,U-2 OS
9667,HEK 293
9668,HEK 293
9669,MCF7
9670,MCF7
9671,A549
9672,HEK 293
9673,HeLa
9674,MCF7
9675,MCF7
9676,CACO-2
9677,CACO-2
9678,HeLa
9679,CACO-2
9680,RT4
9681,RT4
9682,CACO-2
9683,U-251 MG
9684,CACO-2
9685,MCF7
9686,RT4
9687,HEK 293
9688,RT4
9689,HEK 293
9690,HeLa
9691,CACO-2
9692,HEK 293
9693,RT4
9694,MCF7
9695,CACO-2
9696,U-2 OS
9697,RT4
9698,RT4
9699,U-251 MG
9700,U-251 MG
9701,HEK 293
9702,RT4
9703,PC-3
9704,PC-3
9705,U-251 MG
9706,HeLa
9707,HeLa
9708,MCF7
9709,U-2 OS
9710,HeLa
9711,U-251 MG
9712,HEK 293
9713,HeLa
9714,HEK 293
9715,MCF7
9716,PC-3
9717,MCF7
9718,RT4
9719,HeLa
9720,RT4
9721,HeLa
9722,RT4
9723,RT4
9724,RT4
9725,HeLa
9726,MCF7
9727,RT4
9728,CACO-2
9729,U-251 MG
9730,CACO-2
9731,RT4
9732,RT4
9733,MCF7
9734,U-2 OS
9735,PC-3
9736,RT4
9737,RT4
9738,RT4
9739,PC-3
9740,RT4
9741,RT4
9742,RT4
9743,RT4
9744,U-2 OS
9745,MCF7
9746,MCF7
9747,U-2 OS
9748,HEK 293
9749,CACO-2
9750,CACO-2
9751,PC-3
9752,U-251 MG
9753,U-2 OS
9754,MCF7
9755,RT4
9756,RT4
9757,CACO-2
9758,RT4
9759,RT4
9760,A549
9761,CACO-2
9762,RT4
9763,PC-3
9764,HEK 293
9765,HEK 293
9766,CACO-2
9767,RT4
9768,MCF7
9769,MCF7
9770,RT4
9771,HeLa
9772,RT4
9773,U-2 OS
9774,MCF7
9775,RT4
9776,A549
9777,HEK 293
9778,HEK 293
9779,CACO-2
9780,PC-3
9781,U-251 MG
9782,CACO-2
9783,U-251 MG
9784,RT4
9785,RT4
9786,HeLa
9787,CACO-2
9788,CACO-2
9789,U-2 OS
9790,U-251 MG
9791,U-2 OS
9792,CACO-2
9793,CACO-2
9794,RT4
9795,MCF7
9796,HEK 293
9797,HEK 293
9798,U-251 MG
9799,U-251 MG
9800,MCF7
9801,U-251 MG
9802,U-2 OS
9803,CACO-2
9804,RT4
9805,RT4
9806,RT4
9807,RT4
9808,RT4
9809,MCF7
9810,HEK 293
9811,HEK 293
9812,HEK 293
9813,CACO-2
9814,CACO-2
9815,PC-3
9816,RT4
9817,RT4
9818,HEK 293
9819,U-2 OS
9820,A549
9821,RT4
9822,CACO-2
9823,PC-3
9824,U-2 OS
9825,MCF7
9826,RT4
9827,PC-3
9828,A549
9829,PC-3
9830,MCF7
9831,HeLa
9832,MCF7
9833,HEK 293
9834,RT4
9835,RT4
9836,CACO-2
9837,A549
9838,A549
9839,U-251 MG
9840,HEK 293
9841,U-251 MG
9842,HEK 293
9843,RT4
9844,RT4
9845,U-2 OS
9846,RT4
9847,RT4
9848,MCF7
9849,U-251 MG
9850,PC-3
9851,RT4
9852,RT4
9853,HeLa
9854,HEK 293
9855,U-251 MG
9856,RT4
9857,PC-3
9858,CACO-2
9859,HEK 293
9860,RT4
9861,A549
9862,MCF7
9863,CACO-2
9864,RT4
9865,RT4
9866,CACO-2
9867,PC-3
9868,CACO-2
9869,CACO-2
9870,RT4
9871,MCF7
9872,A549
9873,MCF7
9874,U-251 MG
9875,RT4
9876,CACO-2
9877,CACO-2
9878,CACO-2
9879,HeLa
9880,RT4
9881,HEK 293
9882,CACO-2
9883,A549
9884,PC-3
9885,HeLa
9886,RT4
9887,HeLa
9888,RT4
9889,RT4
9890,RT4
9891,U-251 MG
9892,U-2 OS
9893,U-251 MG
9894,HEK 293
9895,HEK 293
9896,HeLa
9897,HEK 293
9898,RT4
9899,PC-3
9900,HEK 293
9901,U-251 MG
9902,CACO-2
9903,CACO-2
9904,CACO-2
9905,RT4
9906,U-251 MG
9907,RT4
9908,RT4
9909,U-2 OS
9910,HEK 293
9911,RT4
9912,CACO-2
9913,MCF7
9914,HEK 293
9915,RT4
9916,CACO-2
9917,RT4
9918,PC-3
9919,PC-3
9920,RT4
9921,RT4
9922,RT4
9923,CACO-2
9924,CACO-2
9925,RT4
9926,MCF7
9927,HEK 293
9928,PC-3
9929,U-251 MG
9930,RT4
9931,RT4
9932,U-251 MG
9933,HEK 293
9934,RT4
9935,CACO-2
9936,PC-3
9937,RT4
9938,RT4
9939,HEK 293
9940,U-2 OS
9941,RT4
9942,RT4
9943,CACO-2
9944,CACO-2
9945,HEK 293
9946,HEK 293
9947,HEK 293
9948,RT4
9949,HeLa
9950,RT4
9951,HEK 293
9952,A549
9953,CACO-2
9954,U-251 MG
9955,CACO-2
9956,RT4
9957,MCF7
9958,CACO-2
9959,A549
9960,CACO-2
9961,CACO-2
9962,U-2 OS
9963,U-2 OS
9964,RT4
9965,RT4
9966,HeLa
9967,MCF7
9968,RT4
9969,MCF7
9970,PC-3
9971,U-2 OS
9972,MCF7
9973,U-251 MG
9974,CACO-2
9975,RT4
9976,CACO-2
9977,A549
9978,HEK 293
9979,RT4
9980,RT4
9981,RT4
9982,RT4
9983,RT4
9984,HEK 293
9985,CACO-2
9986,HEK 293
9987,CACO-2
9988,RT4
9989,U-251 MG
9990,U-2 OS
9991,MCF7
9992,U-2 OS
9993,HEK 293
9994,HeLa
9995,RT4
9996,HEK 293
9997,CACO-2
9998,CACO-2
9999,A549
10000,RT4
10001,HEK 293
10002,RT4
10003,RT4
10004,RT4
10005,HEK 293
10006,CACO-2
10007,CACO-2
10008,CACO-2
10009,RT4
10010,MCF7
10011,CACO-2
10012,HEK 293
10013,CACO-2
10014,RT4
10015,A549
10016,PC-3
10017,CACO-2
10018,U-251 MG
10019,RT4
10020,PC-3
10021,A549
10022,PC-3
10023,RT4
10024,CACO-2
10025,HEK 293
10026,RT4
10027,RT4
10028,PC-3
10029,RT4
10030,U-251 MG
10031,CACO-2
10032,RT4
10033,CACO-2
10034,PC-3
10035,RT4
10036,HEK 293
10037,MCF7
10038,CACO-2
10039,RT4
10040,MCF7
10041,MCF7
10042,CACO-2
10043,PC-3
10044,RT4
10045,HeLa
10046,RT4
10047,U-251 MG
10048,RT4
10049,PC-3
10050,HEK 293
10051,RT4
10052,CACO-2
10053,A549
10054,MCF7
10055,RT4
10056,HeLa
10057,RT4
10058,RT4
10059,CACO-2
10060,RT4
10061,HeLa
10062,CACO-2
10063,MCF7
10064,HEK 293
10065,U-2 OS
10066,CACO-2
10067,MCF7
10068,RT4
10069,RT4
10070,RT4
10071,PC-3
10072,RT4
10073,MCF7
10074,RT4
10075,MCF7
10076,HEK 293
10077,RT4
10078,A549
10079,MCF7
10080,RT4
10081,HeLa
10082,MCF7
10083,RT4
10084,U-251 MG
10085,A549
10086,MCF7
10087,MCF7
10088,CACO-2
10089,MCF7
10090,RT4
10091,HEK 293
10092,U-251 MG
10093,CACO-2
10094,HeLa
10095,MCF7
10096,CACO-2
10097,HEK 293
10098,RT4
10099,MCF7
10100,MCF7
10101,U-251 MG
10102,A549
10103,CACO-2
10104,MCF7
10105,MCF7
10106,HEK 293
10107,U-2 OS
10108,RT4
10109,HeLa
10110,A549
10111,MCF7
10112,MCF7
10113,CACO-2
10114,HEK 293
10115,A549
10116,RT4
10117,RT4
10118,RT4
10119,U-2 OS
10120,HEK 293
10121,CACO-2
10122,MCF7
10123,HeLa
10124,RT4
10125,CACO-2
10126,HEK 293
10127,CACO-2
10128,MCF7
10129,RT4
10130,MCF7
10131,MCF7
10132,MCF7
10133,HeLa
10134,MCF7
10135,HeLa
10136,MCF7
10137,RT4
10138,CACO-2
10139,U-2 OS
10140,HeLa
10141,U-251 MG
10142,A549
10143,RT4
10144,CACO-2
10145,HEK 293
10146,RT4
10147,CACO-2
10148,HeLa
10149,A549
10150,PC-3
10151,PC-3
10152,MCF7
10153,RT4
10154,U-251 MG
10155,RT4
10156,HEK 293
10157,CACO-2
10158,RT4
10159,MCF7
10160,CACO-2
10161,CACO-2
10162,PC-3
10163,MCF7
10164,MCF7
10165,RT4
10166,HeLa
10167,A549
10168,HEK 293
10169,U-251 MG
10170,U-2 OS
10171,HEK 293
10172,CACO-2
10173,MCF7
10174,MCF7
10175,CACO-2
10176,U-2 OS
10177,RT4
10178,MCF7
10179,HeLa
10180,RT4
10181,MCF7
10182,PC-3
10183,MCF7
10184,U-251 MG
10185,RT4
10186,HEK 293
10187,HEK 293
10188,CACO-2
10189,RT4
10190,RT4
10191,RT4
10192,A549
10193,HEK 293
10194,HEK 293
10195,U-2 OS
10196,RT4
10197,U-251 MG
10198,HEK 293
10199,RT4
10200,HeLa
10201,RT4
10202,RT4
10203,U-2 OS
10204,U-2 OS
10205,MCF7
10206,CACO-2
10207,HeLa
10208,RT4
10209,RT4
10210,CACO-2
10211,U-251 MG
10212,RT4
10213,A549
10214,RT4
10215,U-2 OS
10216,U-251 MG
10217,RT4
10218,RT4
10219,PC-3
10220,MCF7
10221,RT4
10222,HEK 293
10223,RT4
10224,CACO-2
10225,A549
10226,HEK 293
10227,MCF7
10228,CACO-2
10229,HEK 293
10230,RT4
10231,HEK 293
10232,A549
10233,MCF7
10234,HEK 293
10235,RT4
10236,RT4
10237,RT4
10238,CACO-2
10239,U-2 OS
10240,MCF7
10241,RT4
10242,MCF7
10243,RT4
10244,MCF7
10245,RT4
10246,A549
10247,HeLa
10248,MCF7
10249,CACO-2
10250,PC-3
10251,A549
10252,A549
10253,CACO-2
10254,A549
10255,CACO-2
10256,HEK 293
10257,HEK 293
10258,PC-3
10259,U-251 MG
10260,HEK 293
10261,A549
10262,PC-3
10263,HEK 293
10264,CACO-2
10265,RT4
10266,RT4
10267,RT4
10268,RT4
10269,CACO-2
10270,MCF7
10271,RT4
10272,MCF7
10273,RT4
10274,HeLa
10275,U-2 OS
10276,PC-3
10277,U-2 OS
10278,HEK 293
10279,CACO-2
10280,RT4
10281,CACO-2
10282,RT4
10283,CACO-2
10284,CACO-2
10285,RT4
10286,A549
10287,CACO-2
10288,HEK 293
10289,MCF7
10290,U-2 OS
10291,RT4
10292,RT4
10293,U-251 MG
10294,A549
10295,RT4
10296,U-251 MG
10297,HEK 293
10298,HEK 293
10299,RT4
10300,HEK 293
10301,HeLa
10302,HeLa
10303,RT4
10304,RT4
10305,RT4
10306,HEK 293
10307,RT4
10308,RT4
10309,CACO-2
10310,U-251 MG
10311,U-2 OS
10312,RT4
10313,MCF7
10314,HeLa
10315,U-251 MG
10316,RT4
10317,HEK 293
10318,PC-3
10319,PC-3
10320,HEK 293
10321,RT4
10322,U-2 OS
10323,RT4
10324,CACO-2
10325,CACO-2
10326,MCF7
10327,PC-3
10328,U-2 OS
10329,PC-3
10330,CACO-2
10331,PC-3
10332,HeLa
10333,CACO-2
10334,A549
10335,RT4
10336,U-2 OS
10337,A549
10338,CACO-2
10339,MCF7
10340,HEK 293
10341,RT4
10342,RT4
10343,CACO-2
10344,RT4
10345,CACO-2
10346,RT4
10347,RT4
10348,HEK 293
10349,MCF7
10350,RT4
10351,U-2 OS
10352,RT4
10353,RT4
10354,RT4
10355,HeLa
10356,RT4
10357,RT4
10358,CACO-2
10359,MCF7
10360,U-251 MG
10361,HeLa
10362,U-251 MG
10363,MCF7
10364,RT4
10365,RT4
10366,HEK 293
10367,MCF7
10368,PC-3
10369,HeLa
10370,CACO-2
10371,CACO-2
10372,A549
10373,RT4
10374,HEK 293
10375,U-2 OS
10376,CACO-2
10377,HEK 293
10378,CACO-2
10379,MCF7
10380,PC-3
10381,RT4
10382,RT4
10383,RT4
10384,RT4
10385,RT4
10386,MCF7
10387,A549
10388,MCF7
10389,CACO-2
10390,RT4
10391,CACO-2
10392,RT4
10393,RT4
10394,MCF7
10395,CACO-2
10396,HEK 293
10397,CACO-2
10398,MCF7
10399,RT4
10400,A549
10401,CACO-2
10402,CACO-2
10403,U-251 MG
10404,CACO-2
10405,RT4
10406,PC-3
10407,U-251 MG
10408,A549
10409,MCF7
10410,CACO-2
10411,MCF7
10412,RT4
10413,MCF7
10414,A549
10415,U-251 MG
10416,RT4
10417,PC-3
10418,RT4
10419,CACO-2
10420,RT4
10421,CACO-2
10422,CACO-2
10423,RT4
10424,CACO-2
10425,CACO-2
10426,A549
10427,MCF7
10428,RT4
10429,MCF7
10430,RT4
10431,A549
10432,HEK 293
10433,HeLa
10434,CACO-2
10435,HeLa
10436,RT4
10437,HEK 293
10438,HEK 293
10439,MCF7
10440,MCF7
10441,CACO-2
10442,MCF7
10443,PC-3
10444,CACO-2
10445,A549
10446,RT4
10447,HeLa
10448,RT4
10449,RT4
10450,RT4
10451,CACO-2
10452,A549
10453,MCF7
10454,HeLa
10455,A549
10456,RT4
10457,CACO-2
10458,RT4
10459,HEK 293
10460,U-2 OS
10461,RT4
10462,RT4
10463,RT4
10464,HEK 293
10465,CACO-2
10466,U-251 MG
10467,HeLa
10468,U-251 MG
10469,U-2 OS
10470,MCF7
10471,CACO-2
10472,HEK 293
10473,U-2 OS
10474,PC-3
10475,MCF7
10476,CACO-2
10477,CACO-2
10478,CACO-2
10479,MCF7
10480,A549
10481,U-251 MG
10482,MCF7
10483,HeLa
10484,HEK 293
10485,RT4
10486,MCF7
10487,PC-3
10488,U-251 MG
10489,U-2 OS
10490,PC-3
10491,HeLa
10492,RT4
10493,CACO-2
10494,A549
10495,CACO-2
10496,CACO-2
10497,PC-3
10498,CACO-2
10499,HEK 293
10500,RT4
10501,MCF7
10502,PC-3
10503,RT4
10504,U-251 MG
10505,A549
10506,U-251 MG
10507,CACO-2
10508,HeLa
10509,HEK 293
10510,A549
10511,HEK 293
10512,PC-3
10513,HEK 293
10514,CACO-2
10515,RT4
10516,CACO-2
10517,HeLa
10518,RT4
10519,HeLa
10520,RT4
10521,CACO-2
10522,PC-3
10523,CACO-2
10524,RT4
10525,RT4
10526,HEK 293
10527,HeLa
10528,MCF7
10529,RT4
10530,CACO-2
10531,CACO-2
10532,MCF7
10533,HeLa
10534,RT4
10535,MCF7
10536,CACO-2
10537,PC-3
10538,MCF7
10539,CACO-2
10540,RT4
10541,U-2 OS
10542,MCF7
10543,U-251 MG
10544,A549
10545,HEK 293
10546,U-251 MG
10547,RT4
10548,RT4
10549,CACO-2
10550,RT4
10551,U-251 MG
10552,PC-3
10553,A549
10554,RT4
10555,CACO-2
10556,RT4
10557,RT4
10558,MCF7
10559,U-251 MG
10560,RT4
10561,PC-3
10562,HEK 293
10563,RT4
10564,CACO-2
10565,RT4
10566,CACO-2
10567,HEK 293
10568,U-2 OS
10569,RT4
10570,CACO-2
10571,MCF7
10572,RT4
10573,HEK 293
10574,CACO-2
10575,CACO-2
10576,MCF7
10577,A549
10578,MCF7
10579,MCF7
10580,CACO-2
10581,U-251 MG
10582,PC-3
10583,CACO-2
10584,MCF7
10585,HEK 293
10586,A549
10587,CACO-2
10588,MCF7
10589,MCF7
10590,MCF7
10591,RT4
10592,RT4
10593,HeLa
10594,RT4
10595,MCF7
10596,CACO-2
10597,CACO-2
10598,MCF7
10599,CACO-2
10600,HeLa
10601,PC-3
10602,RT4
10603,MCF7
10604,RT4
10605,RT4
10606,RT4
10607,RT4
10608,PC-3
10609,A549
10610,HeLa
10611,RT4
10612,RT4
10613,CACO-2
10614,RT4
10615,MCF7
10616,HeLa
10617,CACO-2
10618,RT4
10619,HeLa
10620,U-2 OS
10621,MCF7
10622,CACO-2
10623,RT4
10624,U-2 OS
10625,A549
10626,RT4
10627,CACO-2
10628,U-251 MG
10629,MCF7
10630,HEK 293
10631,PC-3
10632,HEK 293
10633,RT4
10634,MCF7
10635,RT4
10636,CACO-2
10637,A549
10638,RT4
10639,PC-3
10640,CACO-2
10641,PC-3
10642,CACO-2
10643,HeLa
10644,MCF7
10645,RT4
10646,U-251 MG
10647,CACO-2
10648,MCF7
10649,RT4
10650,MCF7
10651,RT4
10652,HeLa
10653,CACO-2
10654,RT4
10655,U-251 MG
10656,MCF7
10657,A549
10658,RT4
10659,CACO-2
10660,U-251 MG
10661,HEK 293
10662,CACO-2
10663,RT4
10664,HeLa
10665,CACO-2
10666,MCF7
10667,HeLa
10668,HEK 293
10669,RT4
10670,RT4
10671,PC-3
10672,CACO-2
10673,MCF7
10674,HeLa
10675,HeLa
10676,A549
10677,HEK 293
10678,HeLa
10679,MCF7
10680,MCF7
10681,U-251 MG
10682,CACO-2
10683,RT4
10684,HeLa
10685,CACO-2
10686,MCF7
10687,CACO-2
10688,MCF7
10689,CACO-2
10690,A549
10691,RT4
10692,HEK 293
10693,A549
10694,MCF7
10695,U-2 OS
10696,U-2 OS
10697,MCF7
10698,CACO-2
10699,U-251 MG
10700,MCF7
10701,HeLa
10702,HEK 293
10703,RT4
10704,U-2 OS
10705,HeLa
10706,MCF7
10707,RT4
10708,RT4
10709,MCF7
10710,U-2 OS
10711,U-251 MG
10712,A549
10713,HEK 293
10714,MCF7
10715,RT4
10716,A549
10717,RT4
10718,U-2 OS
10719,CACO-2
10720,CACO-2
10721,MCF7
10722,RT4
10723,HEK 293
10724,U-2 OS
10725,RT4
10726,RT4
10727,RT4
10728,PC-3
10729,HEK 293
10730,RT4
10731,U-2 OS
10732,U-251 MG
10733,MCF7
10734,RT4
10735,MCF7
10736,RT4
10737,U-251 MG
10738,RT4
10739,HEK 293
10740,RT4
10741,MCF7
10742,RT4
10743,CACO-2
10744,U-2 OS
10745,CACO-2
10746,RT4
10747,CACO-2
10748,RT4
10749,U-251 MG
10750,PC-3
10751,HeLa
10752,CACO-2
10753,RT4
10754,CACO-2
10755,HEK 293
10756,RT4
10757,MCF7
10758,U-2 OS
10759,CACO-2
10760,RT4
10761,HEK 293
10762,HeLa
10763,MCF7
10764,MCF7
10765,U-2 OS
10766,CACO-2
10767,MCF7
10768,RT4
10769,HEK 293
10770,HEK 293
10771,CACO-2
10772,PC-3
10773,MCF7
10774,MCF7
10775,U-2 OS
10776,RT4
10777,U-2 OS
10778,CACO-2
10779,PC-3
10780,RT4
10781,A549
10782,HEK 293
10783,U-2 OS
10784,HEK 293
10785,PC-3
10786,MCF7
10787,MCF7
10788,RT4
10789,RT4
10790,HeLa
10791,CACO-2
10792,A549
10793,A549
10794,PC-3
10795,MCF7
10796,CACO-2
10797,MCF7
10798,U-2 OS
10799,RT4
10800,A549
10801,A549
10802,RT4
10803,RT4
10804,CACO-2
10805,RT4
10806,RT4
10807,RT4
10808,CACO-2
10809,CACO-2
10810,RT4
10811,HEK 293
10812,A549
10813,U-251 MG
10814,MCF7
10815,PC-3
10816,U-251 MG
10817,MCF7
10818,MCF7
10819,RT4
10820,RT4
10821,RT4
10822,RT4
10823,U-251 MG
10824,PC-3
10825,RT4
10826,CACO-2
10827,U-2 OS
10828,CACO-2
10829,HEK 293
10830,PC-3
10831,MCF7
10832,HEK 293
10833,RT4
10834,RT4
10835,RT4
10836,MCF7
10837,RT4
10838,HEK 293
10839,A549
10840,RT4
10841,RT4
10842,RT4
10843,U-2 OS
10844,MCF7
10845,PC-3
10846,MCF7
10847,MCF7
10848,MCF7
10849,CACO-2
10850,CACO-2
10851,RT4
10852,RT4
10853,U-251 MG
10854,MCF7
10855,CACO-2
10856,RT4
10857,HEK 293
10858,HEK 293
10859,U-2 OS
10860,HEK 293
10861,MCF7
10862,CACO-2
10863,RT4
10864,RT4
10865,MCF7
10866,HEK 293
10867,CACO-2
10868,CACO-2
10869,HEK 293
10870,HEK 293
10871,MCF7
10872,HeLa
10873,HeLa
10874,HeLa
10875,U-2 OS
10876,MCF7
10877,MCF7
10878,CACO-2
10879,MCF7
10880,PC-3
10881,MCF7
10882,PC-3
10883,CACO-2
10884,CACO-2
10885,RT4
10886,CACO-2
10887,CACO-2
10888,RT4
10889,HEK 293
10890,RT4
10891,CACO-2
10892,CACO-2
10893,RT4
10894,CACO-2
10895,HeLa
10896,U-251 MG
10897,CACO-2
10898,HEK 293
10899,U-251 MG
10900,HeLa
10901,RT4
10902,PC-3
10903,MCF7
10904,U-251 MG
10905,RT4
10906,CACO-2
10907,RT4
10908,RT4
10909,RT4
10910,RT4
10911,HEK 293
10912,CACO-2
10913,RT4
10914,MCF7
10915,RT4
10916,PC-3
10917,RT4
10918,U-251 MG
10919,CACO-2
10920,U-251 MG
10921,RT4
10922,PC-3
10923,U-251 MG
10924,HEK 293
10925,RT4
10926,CACO-2
10927,HEK 293
10928,MCF7
10929,HEK 293
10930,PC-3
10931,MCF7
10932,HEK 293
10933,A549
10934,CACO-2
10935,U-2 OS
10936,U-251 MG
10937,A549
10938,HEK 293
10939,RT4
10940,HeLa
10941,RT4
10942,U-251 MG
10943,RT4
10944,U-251 MG
10945,MCF7
10946,PC-3
10947,HEK 293
10948,RT4
10949,MCF7
10950,HEK 293
10951,HEK 293
10952,RT4
10953,CACO-2
10954,HEK 293
10955,PC-3
10956,HeLa
10957,RT4
10958,HeLa
10959,U-2 OS
10960,U-251 MG
10961,CACO-2
10962,U-251 MG
10963,U-2 OS
10964,RT4
10965,RT4
10966,HEK 293
10967,U-2 OS
10968,CACO-2
10969,A549
10970,CACO-2
10971,CACO-2
10972,CACO-2
10973,HEK 293
10974,MCF7
10975,U-251 MG
10976,RT4
10977,U-2 OS
10978,CACO-2
10979,HeLa
10980,MCF7
10981,CACO-2
10982,CACO-2
10983,CACO-2
10984,HEK 293
10985,CACO-2
10986,U-251 MG
10987,U-2 OS
10988,U-251 MG
10989,HEK 293
10990,HEK 293
10991,RT4
10992,RT4
10993,MCF7
10994,MCF7
10995,RT4
10996,CACO-2
10997,RT4
10998,A549
10999,RT4
11000,RT4
11001,CACO-2
11002,HEK 293
11003,A549
11004,CACO-2
11005,PC-3
11006,HEK 293
11007,U-251 MG
11008,HEK 293
11009,CACO-2
11010,U-2 OS
11011,HEK 293
11012,HEK 293
11013,HEK 293
11014,U-2 OS
11015,PC-3
11016,MCF7
11017,RT4
11018,RT4
11019,CACO-2
11020,U-251 MG
11021,PC-3
11022,CACO-2
11023,RT4
11024,CACO-2
11025,U-251 MG
11026,HeLa
11027,RT4
11028,PC-3
11029,HEK 293
11030,RT4
11031,RT4
11032,MCF7
11033,HeLa
11034,CACO-2
11035,MCF7
11036,RT4
11037,MCF7
11038,RT4
11039,CACO-2
11040,PC-3
11041,RT4
11042,RT4
11043,MCF7
11044,CACO-2
11045,HEK 293
11046,MCF7
11047,RT4
11048,HEK 293
11049,MCF7
11050,CACO-2
11051,MCF7
11052,A549
11053,CACO-2
11054,CACO-2
11055,MCF7
11056,RT4
11057,U-251 MG
11058,HeLa
11059,CACO-2
11060,HEK 293
11061,MCF7
11062,CACO-2
11063,CACO-2
11064,CACO-2
11065,HeLa
11066,CACO-2
11067,HEK 293
11068,HEK 293
11069,PC-3
11070,CACO-2
11071,MCF7
11072,CACO-2
11073,MCF7
11074,U-251 MG
11075,CACO-2
11076,RT4
11077,RT4
11078,RT4
11079,A549
11080,PC-3
11081,RT4
11082,RT4
11083,U-251 MG
11084,U-2 OS
11085,RT4
11086,CACO-2
11087,RT4
11088,HeLa
11089,U-251 MG
11090,A549
11091,HEK 293
11092,HeLa
11093,CACO-2
11094,HEK 293
11095,CACO-2
11096,U-251 MG
11097,HEK 293
11098,HeLa
11099,RT4
11100,PC-3
11101,RT4
11102,HEK 293
11103,HEK 293
11104,U-251 MG
11105,CACO-2
11106,CACO-2
11107,MCF7
11108,RT4
11109,CACO-2
11110,A549
11111,PC-3
11112,RT4
11113,PC-3
11114,MCF7
11115,MCF7
11116,MCF7
11117,CACO-2
11118,RT4
11119,CACO-2
11120,RT4
11121,PC-3
11122,CACO-2
11123,U-251 MG
11124,CACO-2
11125,RT4
11126,MCF7
11127,RT4
11128,MCF7
11129,PC-3
11130,U-251 MG
11131,CACO-2
11132,CACO-2
11133,HEK 293
11134,RT4
11135,MCF7
11136,HEK 293
11137,MCF7
11138,MCF7
11139,HEK 293
11140,MCF7
11141,MCF7
11142,MCF7
11143,CACO-2
11144,RT4
11145,HeLa
11146,U-251 MG
11147,RT4
11148,HEK 293
11149,HeLa
11150,CACO-2
11151,CACO-2
11152,RT4
11153,CACO-2
11154,HEK 293
11155,PC-3
11156,CACO-2
11157,HeLa
11158,RT4
11159,MCF7
11160,HEK 293
11161,CACO-2
11162,MCF7
11163,CACO-2
11164,CACO-2
11165,CACO-2
11166,RT4
11167,U-251 MG
11168,MCF7
11169,MCF7
11170,RT4
11171,CACO-2
11172,RT4
11173,RT4
11174,CACO-2
11175,PC-3
11176,MCF7
11177,CACO-2
11178,RT4
11179,HeLa
11180,MCF7
11181,CACO-2
11182,HeLa
11183,CACO-2
11184,RT4
11185,CACO-2
11186,PC-3
11187,CACO-2
11188,A549
11189,CACO-2
11190,U-251 MG
11191,CACO-2
11192,PC-3
11193,HeLa
11194,RT4
11195,U-251 MG
11196,RT4
11197,CACO-2
11198,U-2 OS
11199,HEK 293
11200,A549
11201,RT4
11202,CACO-2
11203,PC-3
11204,HEK 293
11205,U-2 OS
11206,HEK 293
11207,A549
11208,RT4
11209,A549
11210,RT4
11211,U-251 MG
11212,RT4
11213,MCF7
11214,U-251 MG
11215,CACO-2
11216,MCF7
11217,RT4
11218,CACO-2
11219,A549
11220,RT4
11221,RT4
11222,RT4
11223,CACO-2
11224,MCF7
11225,CACO-2
11226,RT4
11227,A549
11228,A549
11229,U-251 MG
11230,HeLa
11231,RT4
11232,PC-3
11233,U-251 MG
11234,U-2 OS
11235,PC-3
11236,HEK 293
11237,CACO-2
11238,MCF7
11239,HEK 293
11240,RT4
11241,HEK 293
11242,CACO-2
11243,RT4
11244,MCF7
11245,RT4
11246,RT4
11247,U-2 OS
11248,CACO-2
11249,A549
11250,RT4
11251,HeLa
11252,MCF7
11253,HeLa
11254,HEK 293
11255,A549
11256,MCF7
11257,HeLa
11258,RT4
11259,CACO-2
11260,RT4
11261,U-2 OS
11262,RT4
11263,RT4
11264,MCF7
11265,MCF7
11266,HEK 293
11267,RT4
11268,MCF7
11269,CACO-2
11270,RT4
11271,HeLa
11272,CACO-2
11273,CACO-2
11274,MCF7
11275,HEK 293
11276,A549
11277,U-2 OS
11278,RT4
11279,RT4
11280,RT4
11281,HeLa
11282,HEK 293
11283,A549
11284,RT4
11285,HEK 293
11286,RT4
11287,RT4
11288,RT4
11289,CACO-2
11290,CACO-2
11291,CACO-2
11292,RT4
11293,CACO-2
11294,HEK 293
11295,CACO-2
11296,MCF7
11297,CACO-2
11298,PC-3
11299,RT4
11300,RT4
11301,CACO-2
11302,HeLa
11303,MCF7
11304,RT4
11305,U-2 OS
11306,CACO-2
11307,CACO-2
11308,MCF7
11309,HEK 293
11310,MCF7
11311,RT4
11312,MCF7
11313,CACO-2
11314,MCF7
11315,HEK 293
11316,MCF7
11317,MCF7
11318,U-251 MG
11319,MCF7
11320,MCF7
11321,RT4
11322,RT4
11323,RT4
11324,RT4
11325,MCF7
11326,HEK 293
11327,MCF7
11328,RT4
11329,CACO-2
11330,A549
11331,A549
11332,CACO-2
11333,MCF7
11334,U-251 MG
11335,MCF7
11336,CACO-2
11337,RT4
11338,RT4
11339,CACO-2
11340,MCF7
11341,PC-3
11342,CACO-2
11343,HEK 293
11344,PC-3
11345,RT4
11346,HEK 293
11347,CACO-2
11348,PC-3
11349,U-2 OS
11350,U-2 OS
11351,CACO-2
11352,PC-3
11353,PC-3
11354,MCF7
11355,HEK 293
11356,MCF7
11357,RT4
11358,CACO-2
11359,A549
11360,HeLa
11361,HEK 293
11362,CACO-2
11363,RT4
11364,MCF7
11365,CACO-2
11366,CACO-2
11367,CACO-2
11368,PC-3
11369,RT4
11370,U-2 OS
11371,RT4
11372,U-251 MG
11373,HEK 293
11374,U-251 MG
11375,HEK 293
11376,RT4
11377,HEK 293
11378,HEK 293
11379,CACO-2
11380,RT4
11381,HEK 293
11382,RT4
11383,HeLa
11384,RT4
11385,RT4
11386,U-2 OS
11387,HeLa
11388,HeLa
11389,CACO-2
11390,MCF7
11391,A549
11392,CACO-2
11393,PC-3
11394,RT4
11395,HEK 293
11396,U-2 OS
11397,HEK 293
11398,HeLa
11399,HeLa
11400,RT4
11401,RT4
11402,U-251 MG
11403,HEK 293
11404,HEK 293
11405,U-2 OS
11406,CACO-2
11407,MCF7
11408,U-2 OS
11409,RT4
11410,U-2 OS
11411,HEK 293
11412,CACO-2
11413,CACO-2
11414,HeLa
11415,HeLa
11416,CACO-2
11417,U-251 MG
11418,HEK 293
11419,CACO-2
11420,HEK 293
11421,CACO-2
11422,A549
11423,A549
11424,RT4
11425,HEK 293
11426,RT4
11427,RT4
11428,A549
11429,RT4
11430,HeLa
11431,RT4
11432,CACO-2
11433,U-251 MG
11434,HEK 293
11435,HEK 293
11436,RT4
11437,RT4
11438,A549
11439,MCF7
11440,A549
11441,HEK 293
11442,A549
11443,CACO-2
11444,U-2 OS
11445,U-2 OS
11446,CACO-2
11447,MCF7
11448,RT4
11449,MCF7
11450,PC-3
11451,A549
11452,RT4
11453,RT4
11454,PC-3
11455,U-2 OS
11456,MCF7
11457,A549
11458,RT4
11459,MCF7
11460,CACO-2
11461,U-2 OS
11462,PC-3
11463,U-251 MG
11464,HEK 293
11465,A549
11466,RT4
11467,RT4
11468,RT4
11469,CACO-2
11470,HEK 293
11471,CACO-2
11472,RT4
11473,U-2 OS
11474,CACO-2
11475,RT4
11476,CACO-2
11477,PC-3
11478,MCF7
11479,HEK 293
11480,CACO-2
11481,CACO-2
11482,RT4
11483,HeLa
11484,RT4
11485,CACO-2
11486,CACO-2
11487,PC-3
11488,CACO-2
11489,U-2 OS
11490,HEK 293
11491,U-2 OS
11492,CACO-2
11493,CACO-2
11494,U-2 OS
11495,PC-3
11496,A549
11497,MCF7
11498,RT4
11499,RT4
11500,MCF7
11501,HEK 293
11502,RT4
11503,RT4
11504,CACO-2
11505,PC-3
11506,RT4
11507,HEK 293
11508,RT4
11509,MCF7
11510,RT4
11511,HEK 293
11512,HeLa
11513,U-251 MG
11514,HEK 293
11515,RT4
11516,RT4
11517,MCF7
11518,CACO-2
11519,PC-3
11520,RT4
11521,RT4
11522,U-251 MG
11523,U-2 OS
11524,RT4
11525,CACO-2
11526,CACO-2
11527,U-251 MG
11528,RT4
11529,RT4
11530,RT4
11531,A549
11532,CACO-2
11533,MCF7
11534,U-2 OS
11535,HeLa
11536,CACO-2
11537,RT4
11538,RT4
11539,A549
11540,MCF7
11541,HeLa
11542,RT4
11543,PC-3
11544,CACO-2
11545,RT4
11546,MCF7
11547,CACO-2
11548,U-251 MG
11549,CACO-2
11550,RT4
11551,RT4
11552,U-251 MG
11553,RT4
11554,CACO-2
11555,MCF7
11556,CACO-2
11557,RT4
11558,RT4
11559,RT4
11560,MCF7
11561,A549
11562,MCF7
11563,MCF7
11564,RT4
11565,A549
11566,CACO-2
11567,MCF7
11568,CACO-2
11569,RT4
11570,PC-3
11571,RT4
11572,RT4
11573,RT4
11574,HEK 293
11575,RT4
11576,HEK 293
11577,HEK 293
11578,MCF7
11579,RT4
11580,HeLa
11581,CACO-2
11582,HEK 293
11583,U-251 MG
11584,RT4
11585,MCF7
11586,CACO-2
11587,MCF7
11588,HEK 293
11589,HeLa
11590,RT4
11591,A549
11592,HEK 293
11593,RT4
11594,CACO-2
11595,CACO-2
11596,RT4
11597,HeLa
11598,MCF7
11599,RT4
11600,RT4
11601,A549
11602,MCF7
11603,U-2 OS
11604,PC-3
11605,U-251 MG
11606,RT4
11607,HeLa
11608,PC-3
11609,PC-3
11610,RT4
11611,CACO-2
11612,HEK 293
11613,U-2 OS
11614,MCF7
11615,CACO-2
11616,CACO-2
11617,RT4
11618,HEK 293
11619,HEK 293
11620,MCF7
11621,U-251 MG
11622,HEK 293
11623,A549
11624,CACO-2
11625,U-2 OS
11626,RT4
11627,RT4
11628,U-251 MG
11629,CACO-2
11630,HEK 293
11631,A549
11632,CACO-2
11633,RT4
11634,MCF7
11635,HEK 293
11636,CACO-2
11637,CACO-2
11638,A549
11639,HeLa
11640,MCF7
11641,CACO-2
11642,RT4
11643,U-2 OS
11644,A549
11645,RT4
11646,HEK 293
11647,HeLa
11648,CACO-2
11649,CACO-2
11650,MCF7
11651,RT4
11652,U-2 OS
11653,A549
11654,CACO-2
11655,A549
11656,MCF7
11657,CACO-2
11658,CACO-2
11659,U-2 OS
11660,RT4
11661,U-251 MG
11662,HEK 293
11663,HEK 293
11664,MCF7
11665,RT4
11666,HeLa
11667,RT4
11668,MCF7
11669,U-2 OS
11670,MCF7
11671,CACO-2
11672,MCF7
11673,PC-3
11674,U-251 MG
11675,MCF7
11676,MCF7
11677,RT4
11678,HEK 293
11679,MCF7
11680,RT4
11681,CACO-2
11682,RT4
11683,PC-3
11684,PC-3
11685,RT4
11686,U-251 MG
11687,CACO-2
11688,RT4
11689,RT4
11690,CACO-2
11691,HEK 293
11692,RT4
11693,MCF7
11694,PC-3
11695,MCF7
11696,MCF7
11697,A549
11698,MCF7
11699,RT4
11700,RT4
11701,HEK 293
11702,RT4
11703,HeLa
11704,CACO-2
11705,MCF7
11706,MCF7
11707,MCF7
11708,CACO-2
11709,RT4
11710,A549
11711,HeLa
11712,RT4
11713,HeLa
11714,MCF7
11715,HeLa
11716,U-2 OS
11717,HEK 293
11718,MCF7
11719,CACO-2
11720,MCF7
11721,HEK 293
11722,CACO-2
11723,MCF7
11724,PC-3
11725,HEK 293
11726,U-251 MG
11727,HeLa
11728,CACO-2
11729,CACO-2
11730,HEK 293
11731,HeLa
11732,HeLa
11733,PC-3
11734,HeLa
11735,RT4
11736,U-251 MG
11737,CACO-2
11738,MCF7
11739,A549
11740,CACO-2
11741,U-251 MG
11742,A549
11743,U-2 OS
11744,CACO-2
11745,CACO-2
11746,HEK 293
11747,HeLa
11748,RT4
11749,A549
11750,RT4
11751,CACO-2
11752,HeLa
11753,CACO-2
11754,MCF7
11755,A549
11756,PC-3
11757,MCF7
11758,MCF7
11759,U-251 MG
11760,RT4
11761,CACO-2
11762,U-2 OS
11763,MCF7
11764,HeLa
11765,U-2 OS
11766,HeLa
11767,U-251 MG
11768,U-2 OS
11769,RT4
11770,CACO-2
11771,PC-3
11772,CACO-2
11773,A549
11774,MCF7
11775,HeLa
11776,HEK 293
11777,CACO-2
11778,HEK 293
11779,RT4
11780,MCF7
11781,MCF7
11782,RT4
11783,PC-3
11784,RT4
11785,HEK 293
11786,MCF7
11787,RT4
11788,RT4
11789,PC-3
11790,A549
11791,U-251 MG
11792,RT4
11793,HEK 293
11794,HeLa
11795,RT4
11796,MCF7
11797,CACO-2
11798,CACO-2
11799,PC-3
11800,CACO-2
11801,MCF7
11802,CACO-2
11803,PC-3
11804,CACO-2
11805,RT4
11806,HEK 293
11807,RT4
11808,U-251 MG
11809,RT4
11810,RT4
11811,RT4
11812,RT4
11813,RT4
11814,HEK 293
11815,HeLa
11816,CACO-2
11817,PC-3
11818,U-2 OS
11819,A549
11820,U-251 MG
11821,A549
11822,HeLa
11823,U-251 MG
11824,U-2 OS
11825,PC-3
11826,CACO-2
11827,RT4
11828,HEK 293
11829,U-251 MG
11830,U-251 MG
11831,MCF7
11832,HEK 293
11833,HEK 293
11834,RT4
11835,HEK 293
11836,CACO-2
11837,MCF7
11838,CACO-2
11839,HEK 293
11840,HEK 293
11841,RT4
11842,MCF7
11843,CACO-2
11844,HEK 293
11845,RT4
11846,HeLa
11847,HeLa
11848,RT4
11849,RT4
11850,MCF7
11851,RT4
11852,RT4
11853,RT4
11854,CACO-2
11855,MCF7
11856,A549
11857,MCF7
11858,U-2 OS
11859,HEK 293
11860,A549
11861,MCF7
11862,PC-3
11863,MCF7
11864,CACO-2
11865,HEK 293
11866,RT4
11867,PC-3
11868,MCF7
11869,MCF7
11870,U-251 MG
11871,RT4
11872,PC-3
11873,U-251 MG
11874,CACO-2
11875,RT4
11876,RT4
11877,RT4
11878,MCF7
11879,U-251 MG
11880,RT4
11881,PC-3
11882,MCF7
11883,MCF7
11884,HEK 293
11885,RT4
11886,RT4
11887,A549
11888,HEK 293
11889,RT4
11890,CACO-2
11891,PC-3
11892,CACO-2
11893,CACO-2
11894,RT4
11895,A549
11896,RT4
11897,PC-3
11898,HEK 293
11899,MCF7
11900,CACO-2
11901,CACO-2
11902,CACO-2
11903,MCF7
11904,RT4
11905,MCF7
11906,HEK 293
11907,MCF7
11908,CACO-2
11909,CACO-2
11910,PC-3
11911,MCF7
11912,U-2 OS
11913,PC-3
11914,U-2 OS
11915,HEK 293
11916,CACO-2
11917,PC-3
11918,RT4
11919,CACO-2
11920,MCF7
11921,U-251 MG
11922,HEK 293
11923,U-251 MG
11924,HeLa
11925,RT4
11926,A549
11927,HEK 293
11928,RT4
11929,RT4
11930,A549
11931,RT4
11932,CACO-2
11933,RT4
11934,CACO-2
11935,HEK 293
11936,MCF7
11937,HEK 293
11938,HeLa
11939,CACO-2
11940,A549
11941,MCF7
11942,RT4
11943,HEK 293
11944,HEK 293
11945,PC-3
11946,RT4
11947,PC-3
11948,A549
11949,MCF7
11950,MCF7
11951,HEK 293
11952,RT4
11953,CACO-2
11954,RT4
11955,MCF7
11956,HEK 293
11957,RT4
11958,CACO-2
11959,HEK 293
11960,U-251 MG
11961,U-251 MG
11962,MCF7
11963,CACO-2
11964,HEK 293
11965,HeLa
11966,HEK 293
11967,RT4
11968,CACO-2
11969,HEK 293
11970,HeLa
11971,RT4
11972,MCF7
11973,MCF7
11974,CACO-2
11975,RT4
11976,U-251 MG
11977,RT4
11978,HEK 293
11979,HEK 293
11980,RT4
11981,U-2 OS
11982,CACO-2
11983,PC-3
11984,RT4
11985,A549
11986,HEK 293
11987,RT4
11988,MCF7
11989,PC-3
11990,PC-3
11991,PC-3
11992,HeLa
11993,RT4
11994,RT4
11995,CACO-2
11996,CACO-2
11997,U-2 OS
11998,RT4
11999,CACO-2
12000,HEK 293
12001,RT4
12002,HEK 293
12003,RT4
12004,U-2 OS
12005,RT4
12006,CACO-2
12007,RT4
12008,A549
12009,RT4
12010,MCF7
12011,U-2 OS
12012,RT4
12013,RT4
12014,U-2 OS
12015,CACO-2
12016,HeLa
12017,MCF7
12018,MCF7
12019,MCF7
12020,MCF7
12021,RT4
12022,HeLa
12023,CACO-2
12024,MCF7
12025,MCF7
12026,RT4
12027,RT4
12028,HeLa
12029,HEK 293
12030,RT4
12031,MCF7
12032,RT4
12033,HeLa
12034,PC-3
12035,CACO-2
12036,MCF7
12037,RT4
12038,A549
12039,U-2 OS
12040,CACO-2
12041,HEK 293
12042,PC-3
12043,MCF7
12044,MCF7
12045,CACO-2
12046,CACO-2
12047,PC-3
12048,RT4
12049,U-2 OS
12050,RT4
12051,A549
12052,RT4
12053,MCF7
12054,U-251 MG
12055,RT4
12056,HEK 293
12057,MCF7
12058,CACO-2
12059,MCF7
12060,U-2 OS
12061,MCF7
12062,CACO-2
12063,HEK 293
12064,U-2 OS
12065,RT4
12066,U-251 MG
12067,U-251 MG
12068,RT4
12069,RT4
12070,RT4
12071,U-251 MG
12072,PC-3
12073,MCF7
12074,HEK 293
12075,RT4
12076,MCF7
12077,RT4
12078,RT4
12079,HEK 293
12080,CACO-2
12081,HEK 293
12082,PC-3
12083,MCF7
12084,HeLa
12085,PC-3
12086,RT4
12087,RT4
12088,MCF7
12089,CACO-2
12090,U-2 OS
12091,CACO-2
12092,RT4
12093,A549
12094,RT4
12095,CACO-2
12096,HeLa
12097,CACO-2
12098,MCF7
12099,MCF7
12100,CACO-2
12101,PC-3
12102,PC-3
12103,MCF7
12104,A549
12105,RT4
12106,CACO-2
12107,RT4
12108,HEK 293
12109,U-251 MG
12110,RT4
12111,RT4
12112,MCF7
12113,U-251 MG
12114,HeLa
12115,HEK 293
12116,MCF7
12117,U-251 MG
12118,MCF7
12119,HeLa
12120,A549
12121,U-2 OS
12122,MCF7
12123,U-2 OS
12124,RT4
12125,U-251 MG
12126,RT4
12127,RT4
12128,U-251 MG
12129,RT4
12130,HEK 293
12131,MCF7
12132,PC-3
12133,MCF7
12134,CACO-2
12135,A549
12136,U-2 OS
12137,U-251 MG
12138,CACO-2
12139,PC-3
12140,RT4
12141,HEK 293
12142,CACO-2
12143,U-251 MG
12144,HEK 293
12145,MCF7
12146,U-2 OS
12147,MCF7
12148,CACO-2
12149,A549
12150,CACO-2
12151,PC-3
12152,RT4
12153,MCF7
12154,HEK 293
12155,MCF7
12156,RT4
12157,HeLa
12158,RT4
12159,A549
12160,A549
12161,HEK 293
12162,HEK 293
12163,PC-3
12164,RT4
12165,U-251 MG
12166,MCF7
12167,PC-3
12168,U-251 MG
12169,HeLa
12170,RT4
12171,RT4
12172,MCF7
12173,HEK 293
12174,HeLa
12175,MCF7
12176,RT4
12177,CACO-2
12178,HeLa
12179,RT4
12180,MCF7
12181,HEK 293
12182,U-251 MG
12183,CACO-2
12184,U-251 MG
12185,RT4
12186,PC-3
12187,U-2 OS
12188,CACO-2
12189,RT4
12190,RT4
12191,MCF7
12192,HEK 293
12193,CACO-2
12194,RT4
12195,MCF7
12196,RT4
12197,HeLa
12198,CACO-2
12199,CACO-2
12200,RT4
12201,MCF7
12202,CACO-2
12203,U-251 MG
12204,HeLa
12205,RT4
12206,HeLa
12207,HEK 293
12208,RT4
12209,CACO-2
12210,HEK 293
12211,U-251 MG
12212,A549
12213,CACO-2
12214,RT4
12215,MCF7
12216,CACO-2
12217,A549
12218,HEK 293
12219,MCF7
12220,MCF7
12221,U-2 OS
12222,CACO-2
12223,MCF7
12224,RT4
12225,MCF7
12226,U-251 MG
12227,CACO-2
12228,MCF7
12229,U-2 OS
12230,CACO-2
12231,MCF7
12232,RT4
12233,CACO-2
12234,RT4
12235,CACO-2
12236,CACO-2
12237,U-251 MG
12238,RT4
12239,A549
12240,CACO-2
12241,RT4
12242,HEK 293
12243,A549
12244,CACO-2
12245,U-251 MG
12246,MCF7
12247,CACO-2
12248,CACO-2
12249,A549
12250,RT4
12251,RT4
12252,HEK 293
12253,RT4
12254,HEK 293
12255,HEK 293
12256,HEK 293
12257,CACO-2
12258,U-251 MG
12259,CACO-2
12260,HeLa
12261,HeLa
12262,RT4
12263,MCF7
12264,PC-3
12265,HEK 293
12266,MCF7
12267,CACO-2
12268,MCF7
12269,RT4
12270,U-2 OS
12271,A549
12272,RT4
12273,RT4
12274,CACO-2
12275,MCF7
12276,CACO-2
12277,CACO-2
12278,MCF7
12279,PC-3
12280,RT4
12281,RT4
12282,U-251 MG
12283,U-2 OS
12284,CACO-2
12285,A549
12286,RT4
12287,MCF7
12288,RT4
12289,CACO-2
12290,PC-3
12291,RT4
12292,HEK 293
12293,MCF7
12294,MCF7
12295,RT4
12296,RT4
12297,U-251 MG
12298,HEK 293
12299,CACO-2
12300,U-251 MG
12301,HEK 293
12302,A549
12303,U-251 MG
12304,U-2 OS
12305,HeLa
12306,U-2 OS
12307,RT4
12308,HeLa
12309,RT4
12310,RT4
12311,RT4
12312,RT4
12313,RT4
12314,RT4
12315,HEK 293
12316,RT4
12317,U-2 OS
12318,HEK 293
12319,MCF7
12320,MCF7
12321,RT4
12322,U-2 OS
12323,CACO-2
12324,RT4
12325,CACO-2
12326,RT4
12327,MCF7
12328,MCF7
12329,RT4
12330,MCF7
12331,A549
12332,U-251 MG
12333,HEK 293
12334,RT4
12335,U-251 MG
12336,CACO-2
12337,HeLa
12338,CACO-2
12339,CACO-2
12340,CACO-2
12341,MCF7
12342,CACO-2
12343,A549
12344,HEK 293
12345,CACO-2
12346,CACO-2
12347,PC-3
12348,U-251 MG
12349,PC-3
12350,MCF7
12351,HEK 293
12352,RT4
12353,HeLa
12354,HEK 293
12355,A549
12356,MCF7
12357,CACO-2
12358,A549
12359,U-251 MG
12360,RT4
12361,RT4
12362,HEK 293
12363,CACO-2
12364,MCF7
12365,CACO-2
12366,RT4
12367,HeLa
12368,U-2 OS
12369,RT4
12370,CACO-2
12371,MCF7
12372,HeLa
12373,RT4
12374,RT4
12375,U-251 MG
12376,CACO-2
12377,RT4
12378,CACO-2
12379,RT4
12380,U-251 MG
12381,CACO-2
12382,HEK 293
12383,CACO-2
12384,RT4
12385,MCF7
12386,CACO-2
12387,A549
12388,A549
12389,RT4
12390,CACO-2
12391,RT4
12392,RT4
12393,HEK 293
12394,CACO-2
12395,PC-3
12396,MCF7
12397,RT4
12398,HEK 293
12399,RT4
12400,PC-3
12401,RT4
12402,MCF7
12403,MCF7
12404,MCF7
12405,RT4
12406,MCF7
12407,HEK 293
12408,RT4
12409,HeLa
12410,RT4
12411,HeLa
12412,A549
12413,U-2 OS
12414,CACO-2
12415,HEK 293
12416,U-2 OS
12417,RT4
12418,U-2 OS
12419,U-251 MG
12420,MCF7
12421,RT4
12422,HEK 293
12423,RT4
12424,U-2 OS
12425,HEK 293
12426,CACO-2
12427,MCF7
12428,HeLa
12429,CACO-2
12430,U-2 OS
12431,PC-3
12432,RT4
12433,U-2 OS
12434,MCF7
12435,RT4
12436,RT4
12437,RT4
12438,PC-3
12439,A549
12440,CACO-2
12441,RT4
12442,MCF7
12443,MCF7
12444,CACO-2
12445,RT4
12446,PC-3
12447,HEK 293
12448,RT4
12449,RT4
12450,HEK 293
12451,U-251 MG
12452,HEK 293
12453,RT4
12454,U-251 MG
12455,PC-3
12456,HEK 293
12457,HeLa
12458,U-2 OS
12459,HeLa
12460,PC-3
12461,A549
12462,CACO-2
12463,A549
12464,MCF7
12465,CACO-2
12466,CACO-2
12467,CACO-2
12468,A549
12469,CACO-2
12470,CACO-2
12471,RT4
12472,U-251 MG
12473,PC-3
12474,MCF7
12475,PC-3
12476,A549
12477,HeLa
12478,RT4
12479,CACO-2
12480,PC-3
12481,U-2 OS
12482,RT4
12483,MCF7
12484,HeLa
12485,MCF7
12486,MCF7
12487,HeLa
12488,CACO-2
12489,PC-3
12490,A549
12491,U-251 MG
12492,U-251 MG
12493,A549
12494,MCF7
12495,MCF7
12496,MCF7
12497,PC-3
12498,A549
12499,HeLa
12500,MCF7
12501,HEK 293
12502,HeLa
12503,CACO-2
12504,U-251 MG
12505,CACO-2
12506,U-2 OS
12507,U-2 OS
12508,RT4
12509,RT4
12510,MCF7
12511,A549
12512,MCF7
12513,A549
12514,MCF7
12515,MCF7
12516,MCF7
12517,HEK 293
12518,CACO-2
12519,MCF7
12520,MCF7
12521,RT4
12522,MCF7
12523,CACO-2
12524,U-2 OS
12525,RT4
12526,HEK 293
12527,CACO-2
12528,MCF7
12529,U-251 MG
12530,RT4
12531,PC-3
12532,PC-3
12533,HEK 293
12534,RT4
12535,MCF7
12536,HEK 293
12537,U-2 OS
12538,CACO-2
12539,HeLa
12540,RT4
12541,A549
12542,A549
12543,RT4
12544,A549
12545,MCF7
12546,HEK 293
12547,PC-3
12548,HeLa
12549,RT4
12550,CACO-2
12551,RT4
12552,HEK 293
12553,U-251 MG
12554,MCF7
12555,RT4
12556,PC-3
12557,CACO-2
12558,CACO-2
12559,A549
12560,RT4
12561,RT4
12562,HEK 293
12563,HEK 293
12564,CACO-2
12565,CACO-2
12566,MCF7
12567,MCF7
12568,CACO-2
12569,CACO-2
12570,CACO-2
12571,RT4
12572,U-2 OS
12573,HEK 293
12574,PC-3
12575,RT4
12576,CACO-2
12577,U-251 MG
12578,HEK 293
12579,U-251 MG
12580,MCF7
12581,CACO-2
12582,MCF7
12583,U-251 MG
12584,HeLa
12585,U-251 MG
12586,A549
12587,HeLa
12588,HEK 293
12589,A549
12590,MCF7
12591,MCF7
12592,RT4
12593,CACO-2
12594,U-251 MG
12595,MCF7
12596,RT4
12597,MCF7
12598,CACO-2
12599,U-2 OS
12600,PC-3
12601,MCF7
12602,HeLa
12603,HeLa
12604,MCF7
12605,HEK 293
12606,RT4
12607,HeLa
12608,MCF7
12609,CACO-2
12610,CACO-2
12611,CACO-2
12612,CACO-2
12613,U-251 MG
12614,RT4
12615,HEK 293
12616,HeLa
12617,RT4
12618,CACO-2
12619,CACO-2
12620,RT4
12621,HEK 293
12622,CACO-2
12623,RT4
12624,HeLa
12625,PC-3
12626,U-251 MG
12627,HeLa
12628,CACO-2
12629,HeLa
12630,RT4
12631,HEK 293
12632,CACO-2
12633,RT4
12634,CACO-2
12635,HEK 293
12636,PC-3
12637,U-251 MG
12638,RT4
12639,CACO-2
12640,HeLa
12641,CACO-2
12642,RT4
12643,RT4
12644,HeLa
12645,MCF7
12646,MCF7
12647,HEK 293
12648,PC-3
12649,HeLa
12650,MCF7
12651,CACO-2
12652,HEK 293
12653,U-2 OS
12654,U-251 MG
12655,U-2 OS
12656,RT4
12657,PC-3
12658,RT4
12659,U-251 MG
12660,RT4
12661,CACO-2
12662,MCF7
12663,RT4
12664,CACO-2
12665,A549
12666,RT4
12667,MCF7
12668,CACO-2
12669,MCF7
12670,MCF7
12671,A549
12672,PC-3
12673,RT4
12674,RT4
12675,A549
12676,MCF7
12677,RT4
12678,CACO-2
12679,HEK 293
12680,CACO-2
12681,CACO-2
12682,RT4
12683,RT4
12684,CACO-2
12685,RT4
12686,MCF7
12687,RT4
12688,RT4
12689,PC-3
12690,HEK 293
12691,HeLa
12692,MCF7
12693,RT4
12694,U-251 MG
12695,RT4
12696,U-2 OS
12697,MCF7
12698,RT4
12699,MCF7
12700,CACO-2
12701,MCF7
12702,RT4
12703,RT4
12704,RT4
12705,HeLa
12706,MCF7
12707,RT4
12708,HEK 293
12709,RT4
12710,U-251 MG
12711,CACO-2
12712,HEK 293
12713,HEK 293
12714,U-251 MG
12715,PC-3
12716,CACO-2
12717,HEK 293
12718,CACO-2
12719,MCF7
12720,CACO-2
12721,CACO-2
12722,A549
12723,HEK 293
12724,HEK 293
12725,MCF7
12726,CACO-2
12727,RT4
12728,RT4
12729,A549
12730,MCF7
12731,RT4
12732,MCF7
12733,RT4
12734,PC-3
12735,HeLa
12736,A549
12737,U-251 MG
12738,MCF7
12739,HEK 293
12740,U-2 OS
12741,RT4
12742,RT4
12743,U-2 OS
12744,CACO-2
12745,RT4
12746,RT4
12747,CACO-2
12748,RT4
12749,MCF7
12750,U-2 OS
12751,CACO-2
12752,MCF7
12753,PC-3
12754,RT4
12755,U-2 OS
12756,PC-3
12757,A549
12758,HeLa
12759,RT4
12760,MCF7
12761,MCF7
12762,HEK 293
12763,HeLa
12764,RT4
12765,HEK 293
12766,HEK 293
12767,RT4
12768,MCF7
12769,HEK 293
12770,RT4
12771,CACO-2
12772,MCF7
12773,MCF7
12774,U-2 OS
12775,U-2 OS
12776,RT4
12777,MCF7
12778,PC-3
12779,MCF7
12780,RT4
12781,RT4
12782,CACO-2
12783,U-251 MG
12784,HeLa
12785,CACO-2
12786,CACO-2
12787,A549
12788,HeLa
12789,HEK 293
12790,PC-3
12791,U-251 MG
12792,CACO-2
12793,U-251 MG
12794,HEK 293
12795,RT4
12796,HEK 293
12797,U-251 MG
12798,MCF7
12799,U-251 MG
12800,MCF7
12801,PC-3
12802,CACO-2
12803,A549
12804,A549
12805,A549
12806,A549
12807,U-251 MG
12808,CACO-2
12809,RT4
12810,CACO-2
12811,CACO-2
12812,MCF7
12813,RT4
12814,CACO-2
12815,CACO-2
12816,PC-3
12817,MCF7
12818,HeLa
12819,MCF7
12820,RT4
12821,PC-3
12822,MCF7
12823,CACO-2
12824,MCF7
12825,RT4
12826,PC-3
12827,HEK 293
12828,MCF7
12829,U-2 OS
12830,RT4
12831,CACO-2
12832,RT4
12833,PC-3
12834,CACO-2
12835,MCF7
12836,HeLa
12837,PC-3
12838,RT4
12839,RT4
12840,HEK 293
12841,CACO-2
12842,HeLa
12843,MCF7
12844,RT4
12845,PC-3
12846,CACO-2
12847,MCF7
12848,U-251 MG
12849,MCF7
12850,HEK 293
12851,CACO-2
12852,MCF7
12853,A549
12854,RT4
12855,HEK 293
12856,CACO-2
12857,CACO-2
12858,HEK 293
12859,RT4
12860,RT4
12861,U-2 OS
12862,PC-3
12863,U-251 MG
12864,RT4
12865,MCF7
12866,MCF7
12867,RT4
12868,MCF7
12869,U-2 OS
12870,MCF7
12871,U-251 MG
12872,MCF7
12873,CACO-2
12874,RT4
12875,MCF7
12876,CACO-2
12877,MCF7
12878,RT4
12879,RT4
12880,HEK 293
12881,CACO-2
12882,HEK 293
12883,CACO-2
12884,CACO-2
12885,MCF7
12886,RT4
12887,CACO-2
12888,CACO-2
12889,CACO-2
12890,RT4
12891,HEK 293
12892,MCF7
12893,PC-3
12894,MCF7
12895,MCF7
12896,HEK 293
12897,MCF7
12898,MCF7
12899,PC-3
12900,PC-3
12901,HEK 293
12902,CACO-2
12903,HEK 293
12904,MCF7
12905,RT4
12906,CACO-2
12907,RT4
12908,HeLa
12909,A549
12910,RT4
12911,HeLa
12912,MCF7
12913,CACO-2
12914,RT4
12915,U-2 OS
12916,MCF7
12917,A549
12918,PC-3
12919,RT4
12920,MCF7
12921,HEK 293
12922,RT4
12923,CACO-2
12924,RT4
12925,MCF7
12926,U-2 OS
12927,PC-3
12928,CACO-2
12929,HeLa
12930,U-251 MG
12931,RT4
12932,PC-3
12933,PC-3
12934,RT4
12935,HEK 293
12936,MCF7
12937,HeLa
12938,U-251 MG
12939,RT4
12940,MCF7
12941,RT4
12942,CACO-2
12943,RT4
12944,MCF7
12945,U-251 MG
12946,HEK 293
12947,RT4
12948,HeLa
12949,CACO-2
12950,RT4
12951,RT4
12952,CACO-2
12953,CACO-2
12954,RT4
12955,RT4
12956,U-2 OS
12957,HEK 293
12958,A549
12959,HEK 293
12960,HEK 293
12961,PC-3
12962,HeLa
12963,RT4
12964,RT4
12965,CACO-2
12966,RT4
12967,RT4
12968,U-251 MG
12969,MCF7
12970,RT4
12971,CACO-2
12972,U-251 MG
12973,U-251 MG
12974,RT4
12975,MCF7
12976,MCF7
12977,RT4
12978,U-251 MG
12979,RT4
12980,RT4
12981,U-2 OS
12982,A549
12983,HEK 293
12984,RT4
12985,HeLa
12986,U-2 OS
12987,RT4
12988,RT4
12989,MCF7
12990,HEK 293
12991,PC-3
12992,PC-3
12993,RT4
12994,HEK 293
12995,CACO-2
12996,CACO-2
12997,CACO-2
12998,HEK 293
12999,MCF7
13000,MCF7
13001,RT4
13002,CACO-2
13003,PC-3
13004,RT4
13005,RT4
13006,RT4
13007,PC-3
13008,MCF7
13009,HEK 293
13010,CACO-2
13011,A549
13012,RT4
13013,HeLa
13014,RT4
13015,CACO-2
13016,RT4
13017,CACO-2
13018,CACO-2
13019,MCF7
13020,MCF7
13021,HeLa
13022,RT4
13023,RT4
13024,CACO-2
13025,U-2 OS
13026,HeLa
13027,RT4
13028,MCF7
13029,PC-3
13030,RT4
13031,RT4
13032,RT4
13033,A549
13034,HEK 293
13035,CACO-2
13036,A549
13037,MCF7
13038,HeLa
13039,HEK 293
13040,RT4
13041,HEK 293
13042,HeLa
13043,PC-3
13044,MCF7
13045,HeLa
13046,RT4
13047,CACO-2
13048,RT4
13049,RT4
13050,CACO-2
13051,MCF7
13052,MCF7
13053,CACO-2
13054,CACO-2
13055,MCF7
13056,MCF7
13057,U-251 MG
13058,HEK 293
13059,HeLa
13060,RT4
13061,MCF7
13062,RT4
13063,RT4
13064,U-2 OS
13065,CACO-2
13066,U-2 OS
13067,PC-3
13068,CACO-2
13069,CACO-2
13070,RT4
13071,HEK 293
13072,RT4
13073,HEK 293
13074,A549
13075,RT4
13076,CACO-2
13077,HEK 293
13078,A549
13079,HEK 293
13080,HEK 293
13081,HeLa
13082,MCF7
13083,HeLa
13084,HEK 293
13085,MCF7
13086,MCF7
13087,U-251 MG
13088,U-2 OS
13089,RT4
13090,CACO-2
13091,MCF7
13092,MCF7
13093,RT4
13094,RT4
13095,MCF7
13096,CACO-2
13097,CACO-2
13098,A549
13099,RT4
13100,RT4
13101,A549
13102,MCF7
13103,PC-3
13104,U-2 OS
13105,PC-3
13106,MCF7
13107,U-2 OS
13108,U-251 MG
13109,U-251 MG
13110,HEK 293
13111,HEK 293
13112,RT4
13113,A549
13114,CACO-2
13115,MCF7
13116,U-251 MG
13117,U-251 MG
13118,HEK 293
13119,U-2 OS
13120,HeLa
13121,HEK 293
13122,RT4
13123,U-251 MG
13124,A549
13125,HEK 293
13126,RT4
13127,A549
13128,RT4
13129,MCF7
13130,U-2 OS
13131,A549
13132,RT4
13133,HEK 293
13134,MCF7
13135,PC-3
13136,A549
13137,CACO-2
13138,RT4
13139,HeLa
13140,A549
13141,CACO-2
13142,A549
13143,CACO-2
13144,PC-3
13145,RT4
13146,PC-3
13147,RT4
13148,PC-3
13149,RT4
13150,RT4
13151,RT4
13152,A549
13153,MCF7
13154,RT4
13155,MCF7
13156,RT4
13157,MCF7
13158,U-2 OS
13159,U-251 MG
13160,RT4
13161,MCF7
13162,HEK 293
13163,HEK 293
13164,MCF7
13165,A549
13166,MCF7
13167,CACO-2
13168,MCF7
13169,RT4
13170,A549
13171,MCF7
13172,HEK 293
13173,RT4
13174,HEK 293
13175,RT4
13176,HEK 293
13177,RT4
13178,U-251 MG
13179,U-2 OS
13180,HEK 293
13181,MCF7
13182,PC-3
13183,RT4
13184,RT4
13185,MCF7
13186,RT4
13187,U-2 OS
13188,HEK 293
13189,CACO-2
13190,MCF7
13191,CACO-2
13192,A549
13193,MCF7
13194,HEK 293
13195,A549
13196,RT4
13197,PC-3
13198,MCF7
13199,U-2 OS
13200,RT4
13201,PC-3
13202,U-2 OS
13203,MCF7
13204,PC-3
13205,RT4
13206,U-2 OS
13207,MCF7
13208,PC-3
13209,RT4
13210,MCF7
13211,MCF7
13212,MCF7
13213,U-251 MG
13214,RT4
13215,RT4
13216,MCF7
13217,MCF7
13218,MCF7
13219,MCF7
13220,RT4
13221,RT4
13222,MCF7
13223,HEK 293
13224,HEK 293
13225,HEK 293
13226,HEK 293
13227,U-2 OS
13228,RT4
13229,HEK 293
13230,RT4
13231,RT4
13232,HEK 293
13233,MCF7
13234,U-251 MG
13235,RT4
13236,HeLa
13237,A549
13238,CACO-2
13239,RT4
13240,MCF7
13241,RT4
13242,PC-3
13243,RT4
13244,CACO-2
13245,CACO-2
13246,HEK 293
13247,HEK 293
13248,HEK 293
13249,HEK 293
13250,U-2 OS
13251,MCF7
13252,RT4
13253,PC-3
13254,MCF7
13255,RT4
13256,A549
13257,HEK 293
13258,RT4
13259,PC-3
13260,HEK 293
13261,MCF7
13262,PC-3
13263,PC-3
13264,A549
13265,MCF7
13266,HEK 293
13267,U-251 MG
13268,U-2 OS
13269,MCF7
13270,RT4
13271,PC-3
13272,RT4
13273,HEK 293
13274,U-251 MG
13275,A549
13276,A549
13277,A549
13278,MCF7
13279,CACO-2
13280,MCF7
13281,U-2 OS
13282,A549
13283,A549
13284,RT4
13285,PC-3
13286,MCF7
13287,MCF7
13288,U-2 OS
13289,HEK 293
13290,RT4
13291,U-2 OS
13292,PC-3
13293,RT4
13294,U-251 MG
13295,RT4
13296,CACO-2
13297,U-2 OS
13298,U-2 OS
13299,HeLa
13300,RT4
13301,MCF7
13302,PC-3
13303,MCF7
13304,A549
13305,RT4
13306,U-2 OS
13307,HEK 293
13308,CACO-2
13309,A549
13310,HeLa
13311,RT4
13312,RT4
13313,RT4
13314,PC-3
13315,U-2 OS
13316,A549
13317,RT4
13318,CACO-2
13319,PC-3
13320,U-2 OS
13321,MCF7
13322,HeLa
13323,HEK 293
13324,MCF7
13325,RT4
13326,PC-3
13327,U-2 OS
13328,HeLa
13329,U-251 MG
13330,MCF7
13331,HeLa
13332,U-2 OS
13333,HEK 293
13334,U-251 MG
13335,PC-3
13336,RT4
13337,HEK 293
13338,RT4
13339,U-2 OS
13340,RT4
13341,RT4
13342,HEK 293
13343,HEK 293
13344,CACO-2
13345,HeLa
13346,RT4
13347,RT4
13348,MCF7
13349,U-251 MG
13350,RT4
13351,RT4
13352,RT4
13353,RT4
13354,HEK 293
13355,RT4
13356,HeLa
13357,PC-3
13358,HEK 293
13359,HEK 293
13360,MCF7
13361,CACO-2
13362,CACO-2
13363,MCF7
13364,RT4
13365,MCF7
13366,RT4
13367,A549
13368,A549
13369,PC-3
13370,RT4
13371,MCF7
13372,HeLa
13373,A549
13374,MCF7
13375,CACO-2
13376,RT4
13377,U-2 OS
13378,PC-3
13379,MCF7
13380,MCF7
13381,RT4
13382,MCF7
13383,CACO-2
13384,RT4
13385,PC-3
13386,RT4
13387,MCF7
13388,MCF7
13389,CACO-2
13390,HEK 293
13391,A549
13392,HeLa
13393,RT4
13394,MCF7
13395,RT4
13396,HEK 293
13397,HeLa
13398,PC-3
13399,HeLa
13400,MCF7
13401,MCF7
13402,RT4
13403,MCF7
13404,RT4
13405,MCF7
13406,RT4
13407,MCF7
13408,MCF7
13409,HEK 293
13410,PC-3
13411,HEK 293
13412,MCF7
13413,PC-3
13414,A549
13415,PC-3
13416,RT4
13417,MCF7
13418,MCF7
13419,RT4
13420,HEK 293
13421,HeLa
13422,MCF7
13423,RT4
13424,RT4
13425,HEK 293
13426,RT4
13427,HeLa
13428,RT4
13429,MCF7
13430,RT4
13431,RT4
13432,RT4
13433,RT4
13434,MCF7
13435,HEK 293
13436,HEK 293
13437,MCF7
13438,RT4
13439,MCF7
13440,MCF7
13441,RT4
13442,RT4
13443,MCF7
13444,RT4
13445,MCF7
13446,RT4
13447,U-2 OS
13448,RT4
13449,A549
13450,U-251 MG
13451,PC-3
13452,RT4
13453,PC-3
13454,U-2 OS
13455,RT4
13456,MCF7
13457,RT4
13458,MCF7
13459,PC-3
13460,PC-3
13461,U-251 MG
13462,U-2 OS
13463,HEK 293
13464,A549
13465,RT4
13466,RT4
13467,A549
13468,RT4
13469,CACO-2
13470,PC-3
13471,RT4
13472,HEK 293
13473,RT4
13474,MCF7
13475,RT4
13476,A549
13477,RT4
13478,MCF7
13479,RT4
13480,PC-3
13481,MCF7
13482,RT4
13483,MCF7
13484,U-2 OS
13485,MCF7
13486,MCF7
13487,PC-3
13488,MCF7
13489,MCF7
13490,RT4
13491,RT4
13492,A549
13493,HEK 293
13494,MCF7
13495,MCF7
13496,MCF7
13497,RT4
13498,U-2 OS
13499,MCF7
13500,U-251 MG
13501,RT4
13502,MCF7
13503,U-2 OS
13504,RT4
13505,HeLa
13506,RT4
13507,A549
13508,RT4
13509,MCF7
13510,CACO-2
13511,RT4
13512,MCF7
13513,RT4
13514,HEK 293
13515,HEK 293
13516,RT4
13517,MCF7
13518,HeLa
13519,U-2 OS
13520,CACO-2
13521,HEK 293
13522,MCF7
13523,U-251 MG
13524,RT4
13525,MCF7
13526,A549
13527,HEK 293
13528,HeLa
13529,RT4
13530,U-2 OS
13531,RT4
13532,PC-3
13533,U-251 MG
13534,A549
13535,RT4
13536,HEK 293
13537,U-2 OS
13538,MCF7
13539,MCF7
13540,HeLa
13541,RT4
13542,MCF7
13543,CACO-2
13544,MCF7
13545,U-2 OS
13546,CACO-2
13547,HeLa
13548,HeLa
13549,RT4
13550,RT4
13551,RT4
13552,RT4
13553,RT4
13554,CACO-2
13555,RT4
13556,RT4
13557,U-2 OS
13558,A549
13559,PC-3
13560,RT4
13561,PC-3
13562,RT4
13563,U-2 OS
13564,MCF7
13565,MCF7
13566,U-2 OS
13567,MCF7
13568,RT4
13569,CACO-2
13570,RT4
13571,MCF7
13572,A549
13573,A549
13574,CACO-2
13575,HEK 293
13576,A549
13577,U-251 MG
13578,CACO-2
13579,U-251 MG
13580,U-2 OS
13581,U-2 OS
13582,MCF7
13583,RT4
13584,CACO-2
13585,RT4
13586,A549
13587,U-2 OS
13588,MCF7
13589,MCF7
13590,MCF7
13591,HeLa
13592,A549
13593,CACO-2
13594,RT4
13595,HEK 293
13596,RT4
13597,HEK 293
13598,PC-3
13599,RT4
13600,RT4
13601,RT4
13602,CACO-2
13603,RT4
13604,MCF7
13605,RT4
13606,HeLa
13607,PC-3
13608,PC-3
13609,MCF7
13610,RT4
13611,HEK 293
13612,CACO-2
13613,MCF7
13614,A549
13615,HeLa
13616,MCF7
13617,HeLa
13618,RT4
13619,MCF7
13620,RT4
13621,HEK 293
13622,U-251 MG
13623,RT4
13624,RT4
13625,A549
13626,RT4
13627,U-251 MG
13628,MCF7
13629,A549
13630,HeLa
13631,RT4
13632,HEK 293
13633,RT4
13634,RT4
13635,MCF7
13636,MCF7
13637,PC-3
13638,RT4
13639,RT4
13640,CACO-2
13641,MCF7
13642,HEK 293
13643,RT4
13644,RT4
13645,RT4
13646,RT4
13647,MCF7
13648,U-2 OS
13649,U-251 MG
13650,A549
13651,RT4
13652,U-2 OS
13653,RT4
13654,HEK 293
13655,MCF7
13656,U-2 OS
13657,U-2 OS
13658,MCF7
13659,A549
13660,CACO-2
13661,HeLa
13662,CACO-2
13663,MCF7
13664,RT4
13665,U-2 OS
13666,U-2 OS
13667,CACO-2
13668,MCF7
13669,RT4
13670,RT4
13671,RT4
13672,RT4
13673,HEK 293
13674,PC-3
13675,HEK 293
13676,MCF7
13677,MCF7
13678,HEK 293
13679,PC-3
13680,HEK 293
13681,HEK 293
13682,HeLa
13683,MCF7
13684,HEK 293
13685,MCF7
13686,RT4
13687,HEK 293
13688,HeLa
13689,U-2 OS
13690,RT4
13691,RT4
13692,RT4
13693,MCF7
13694,RT4
13695,PC-3
13696,HeLa
13697,MCF7
13698,HEK 293
13699,PC-3
13700,A549
13701,A549
13702,MCF7
13703,PC-3
13704,HEK 293
13705,HEK 293
13706,CACO-2
13707,HEK 293
13708,HeLa
13709,RT4
13710,MCF7
13711,HeLa
13712,PC-3
13713,HEK 293
13714,MCF7
13715,CACO-2
13716,RT4
13717,U-251 MG
13718,MCF7
13719,MCF7
13720,MCF7
13721,CACO-2
13722,CACO-2
13723,PC-3
13724,CACO-2
13725,MCF7
13726,U-2 OS
13727,HeLa
13728,MCF7
13729,RT4
13730,U-251 MG
13731,PC-3
13732,U-2 OS
13733,RT4
13734,RT4
13735,CACO-2
13736,HEK 293
13737,RT4
13738,A549
13739,MCF7
13740,U-251 MG
13741,PC-3
13742,U-251 MG
13743,RT4
13744,HEK 293
13745,RT4
13746,MCF7
13747,MCF7
13748,A549
13749,CACO-2
13750,U-2 OS
13751,HEK 293
13752,HEK 293
13753,HEK 293
13754,U-2 OS
13755,MCF7
13756,PC-3
13757,MCF7
13758,MCF7
13759,MCF7
13760,HEK 293
13761,A549
13762,PC-3
13763,U-251 MG
13764,A549
13765,RT4
13766,HEK 293
13767,RT4
13768,MCF7
13769,CACO-2
13770,MCF7
13771,U-2 OS
13772,HEK 293
13773,RT4
13774,RT4
13775,RT4
13776,HEK 293
13777,MCF7
13778,U-2 OS
13779,CACO-2
13780,HEK 293
13781,HeLa
13782,MCF7
13783,U-2 OS
13784,MCF7
13785,HeLa
13786,HEK 293
13787,MCF7
13788,PC-3
13789,MCF7
13790,RT4
13791,MCF7
13792,A549
13793,CACO-2
13794,U-2 OS
13795,MCF7
13796,RT4
13797,RT4
13798,PC-3
13799,MCF7
13800,RT4
13801,RT4
13802,HEK 293
13803,RT4
13804,MCF7
13805,U-251 MG
13806,HEK 293
13807,MCF7
13808,RT4
13809,A549
13810,U-251 MG
13811,RT4
13812,HeLa
13813,MCF7
13814,RT4
13815,PC-3
13816,MCF7
13817,RT4
13818,U-251 MG
13819,A549
13820,RT4
13821,RT4
13822,HEK 293
13823,MCF7
13824,HEK 293
13825,HEK 293
13826,MCF7
13827,MCF7
13828,PC-3
13829,HEK 293
13830,A549
13831,HEK 293
13832,RT4
13833,RT4
13834,A549
13835,HEK 293
13836,RT4
13837,RT4
13838,HeLa
13839,RT4
13840,PC-3
13841,U-2 OS
13842,RT4
13843,RT4
13844,RT4
13845,U-251 MG
13846,A549
13847,MCF7
13848,A549
13849,RT4
13850,RT4
13851,RT4
13852,RT4
13853,HEK 293
13854,MCF7
13855,MCF7
13856,CACO-2
13857,HeLa
13858,RT4
13859,U-251 MG
13860,U-2 OS
13861,U-2 OS
13862,CACO-2
13863,CACO-2
13864,RT4
13865,HEK 293
13866,MCF7
13867,PC-3
13868,MCF7
13869,U-251 MG
13870,RT4
13871,HEK 293
13872,MCF7
13873,MCF7
13874,U-251 MG
13875,RT4
13876,RT4
13877,U-2 OS
13878,HEK 293
13879,U-251 MG
13880,RT4
13881,A549
13882,MCF7
13883,RT4
13884,MCF7
13885,A549
13886,RT4
13887,CACO-2
13888,HEK 293
13889,A549
13890,RT4
13891,PC-3
13892,PC-3
13893,U-2 OS
13894,RT4
13895,A549
13896,U-2 OS
13897,MCF7
13898,CACO-2
13899,RT4
13900,CACO-2
13901,MCF7
13902,RT4
13903,MCF7
13904,HeLa
13905,HEK 293
13906,RT4
13907,A549
13908,U-2 OS
13909,MCF7
13910,HeLa
13911,RT4
13912,MCF7
13913,RT4
13914,HEK 293
13915,HEK 293
13916,A549
13917,HEK 293
13918,HEK 293
13919,HeLa
13920,RT4
13921,CACO-2
13922,HEK 293
13923,U-2 OS
13924,RT4
13925,HEK 293
13926,HEK 293
13927,A549
13928,MCF7
13929,MCF7
13930,MCF7
13931,CACO-2
13932,RT4
13933,HEK 293
13934,A549
13935,CACO-2
13936,CACO-2
13937,CACO-2
13938,A549
13939,HeLa
13940,RT4
13941,CACO-2
13942,MCF7
13943,MCF7
13944,U-2 OS
13945,PC-3
13946,PC-3
13947,A549
13948,HEK 293
13949,MCF7
13950,RT4
13951,RT4
13952,MCF7
13953,HEK 293
13954,MCF7
13955,HEK 293
13956,RT4
13957,RT4
13958,RT4
13959,U-2 OS
13960,A549
13961,U-251 MG
13962,CACO-2
13963,A549
13964,RT4
13965,PC-3
13966,MCF7
13967,MCF7
13968,RT4
13969,HeLa
13970,MCF7
13971,HeLa
13972,HEK 293
13973,MCF7
13974,RT4
13975,RT4
13976,MCF7
13977,RT4
13978,RT4
13979,HEK 293
13980,RT4
13981,U-2 OS
13982,MCF7
13983,CACO-2
13984,MCF7
13985,MCF7
13986,A549
13987,HEK 293
13988,MCF7
13989,HEK 293
13990,HEK 293
13991,MCF7
13992,RT4
13993,PC-3
13994,HEK 293
13995,U-2 OS
13996,MCF7
13997,RT4
13998,HEK 293
13999,RT4
14000,MCF7
14001,RT4
14002,U-2 OS
14003,U-2 OS
14004,A549
14005,U-2 OS
14006,HeLa
14007,HEK 293
14008,PC-3
14009,CACO-2
14010,A549
14011,MCF7
14012,HeLa
14013,RT4
14014,CACO-2
14015,U-2 OS
14016,RT4
14017,MCF7
14018,RT4
14019,PC-3
14020,RT4
14021,RT4
14022,RT4
14023,PC-3
14024,RT4
14025,MCF7
14026,MCF7
14027,PC-3
14028,RT4
14029,U-2 OS
14030,CACO-2
14031,MCF7
14032,HEK 293
14033,HEK 293
14034,MCF7
14035,RT4
14036,PC-3
14037,U-2 OS
14038,MCF7
14039,A549
14040,MCF7
14041,RT4
14042,MCF7
14043,PC-3
14044,U-251 MG
14045,HeLa
14046,A549
14047,HEK 293
14048,U-2 OS
14049,U-251 MG
14050,RT4
14051,RT4
14052,RT4
14053,MCF7
14054,HEK 293
14055,A549
14056,MCF7
14057,CACO-2
14058,RT4
14059,RT4
14060,RT4
14061,RT4
14062,HEK 293
14063,RT4
14064,RT4
14065,U-2 OS
14066,MCF7
14067,MCF7
14068,RT4
14069,MCF7
14070,RT4
14071,RT4
14072,U-2 OS
14073,RT4
14074,MCF7
14075,MCF7
14076,PC-3
14077,RT4
14078,CACO-2
14079,CACO-2
14080,A549
14081,U-2 OS
14082,RT4
14083,CACO-2
14084,A549
14085,HEK 293
14086,HEK 293
14087,RT4
14088,MCF7
14089,U-2 OS
14090,HEK 293
14091,HeLa
14092,RT4
14093,RT4
14094,HeLa
14095,MCF7
14096,HEK 293
14097,MCF7
14098,PC-3
14099,HEK 293
14100,U-251 MG
14101,MCF7
14102,MCF7
14103,PC-3
14104,A549
14105,MCF7
14106,RT4
14107,RT4
14108,HEK 293
14109,HEK 293
14110,CACO-2
14111,A549
14112,CACO-2
14113,CACO-2
14114,A549
14115,HeLa
14116,CACO-2
14117,RT4
14118,HeLa
14119,A549
14120,RT4
14121,CACO-2
14122,RT4
14123,U-2 OS
14124,CACO-2
14125,MCF7
14126,A549
14127,U-2 OS
14128,RT4
14129,PC-3
14130,A549
14131,HEK 293
14132,RT4
14133,RT4
14134,PC-3
14135,MCF7
14136,CACO-2
14137,RT4
14138,PC-3
14139,MCF7
14140,HeLa
14141,HEK 293
14142,HEK 293
14143,MCF7
14144,A549
14145,U-2 OS
14146,PC-3
14147,U-2 OS
14148,MCF7
14149,U-251 MG
14150,HEK 293
14151,PC-3
14152,U-2 OS
14153,MCF7
14154,RT4
14155,PC-3
14156,PC-3
14157,A549
14158,CACO-2
14159,HEK 293
14160,RT4
14161,PC-3
14162,MCF7
14163,HEK 293
14164,HEK 293
14165,RT4
14166,A549
14167,MCF7
14168,HeLa
14169,HEK 293
14170,CACO-2
14171,HEK 293
14172,MCF7
14173,MCF7
14174,HEK 293
14175,RT4
14176,CACO-2
14177,U-2 OS
14178,MCF7
14179,HeLa
14180,U-251 MG
14181,HEK 293
14182,RT4
14183,HEK 293
14184,U-2 OS
14185,RT4
14186,U-251 MG
14187,MCF7
14188,U-2 OS
14189,RT4
14190,HEK 293
14191,CACO-2
14192,HEK 293
14193,MCF7
14194,U-251 MG
14195,RT4
14196,MCF7
14197,U-2 OS
14198,RT4
14199,PC-3
14200,RT4
14201,PC-3
14202,CACO-2
14203,MCF7
14204,RT4
14205,HEK 293
14206,RT4
14207,RT4
14208,A549
14209,MCF7
14210,PC-3
14211,HeLa
14212,CACO-2
14213,RT4
14214,HEK 293
14215,CACO-2
14216,RT4
14217,HEK 293
14218,PC-3
14219,RT4
14220,HEK 293
14221,A549
14222,MCF7
14223,MCF7
14224,HEK 293
14225,HEK 293
14226,PC-3
14227,HEK 293
14228,RT4
14229,RT4
14230,RT4
14231,MCF7
14232,PC-3
14233,RT4
14234,HEK 293
14235,RT4
14236,A549
14237,HEK 293
14238,MCF7
14239,U-2 OS
14240,MCF7
14241,A549
14242,RT4
14243,U-2 OS
14244,HEK 293
14245,RT4
14246,A549
14247,CACO-2
14248,RT4
14249,HEK 293
14250,RT4
14251,U-2 OS
14252,HEK 293
14253,A549
14254,MCF7
14255,RT4
14256,RT4
14257,HeLa
14258,HEK 293
14259,HEK 293
14260,MCF7
14261,RT4
14262,MCF7
14263,PC-3
14264,U-251 MG
14265,U-2 OS
14266,MCF7
14267,MCF7
14268,HEK 293
14269,HeLa
14270,PC-3
14271,U-2 OS
14272,RT4
14273,A549
14274,PC-3
14275,HeLa
14276,CACO-2
14277,CACO-2
14278,MCF7
14279,CACO-2
14280,PC-3
14281,U-251 MG
14282,RT4
14283,RT4
14284,U-2 OS
14285,PC-3
14286,PC-3
14287,HEK 293
14288,MCF7
14289,CACO-2
14290,HEK 293
14291,MCF7
14292,A549
14293,MCF7
14294,MCF7
14295,CACO-2
14296,PC-3
14297,HEK 293
14298,CACO-2
14299,A549
14300,PC-3
14301,RT4
14302,PC-3
14303,MCF7
14304,PC-3
14305,RT4
14306,RT4
14307,CACO-2
14308,A549
14309,RT4
14310,A549
14311,HEK 293
14312,HEK 293
14313,PC-3
14314,RT4
14315,PC-3
14316,RT4
14317,CACO-2
14318,MCF7
14319,RT4
14320,RT4
14321,RT4
14322,PC-3
14323,PC-3
14324,HEK 293
14325,PC-3
14326,RT4
14327,RT4
14328,MCF7
14329,RT4
14330,HEK 293
14331,U-2 OS
14332,HEK 293
14333,MCF7
14334,HEK 293
14335,U-2 OS
14336,CACO-2
14337,HEK 293
14338,A549
14339,MCF7
14340,MCF7
14341,MCF7
14342,MCF7
14343,HEK 293
14344,HEK 293
14345,HeLa
14346,U-2 OS
14347,MCF7
14348,U-2 OS
14349,U-251 MG
14350,HEK 293
14351,U-251 MG
14352,RT4
14353,HEK 293
14354,CACO-2
14355,HEK 293
14356,HEK 293
14357,MCF7
14358,PC-3
14359,MCF7
14360,PC-3
14361,RT4
14362,PC-3
14363,PC-3
14364,HEK 293
14365,RT4
14366,MCF7
14367,RT4
14368,RT4
14369,MCF7
14370,PC-3
14371,MCF7
14372,PC-3
14373,MCF7
14374,U-2 OS
14375,RT4
14376,HEK 293
14377,MCF7
14378,CACO-2
14379,RT4
14380,MCF7
14381,HeLa
14382,MCF7
14383,MCF7
14384,MCF7
14385,MCF7
14386,CACO-2
14387,PC-3
14388,RT4
14389,U-2 OS
14390,HEK 293
14391,MCF7
14392,A549
14393,MCF7
14394,CACO-2
14395,RT4
14396,A549
14397,RT4
14398,MCF7
14399,HEK 293
14400,RT4
14401,U-2 OS
14402,HEK 293
14403,RT4
14404,HEK 293
14405,A549
14406,RT4
14407,PC-3
14408,PC-3
14409,MCF7
14410,A549
14411,HEK 293
14412,RT4
14413,CACO-2
14414,MCF7
14415,MCF7
14416,MCF7
14417,RT4
14418,MCF7
14419,HeLa
14420,MCF7
14421,PC-3
14422,U-2 OS
14423,MCF7
14424,U-2 OS
14425,PC-3
14426,U-251 MG
14427,U-251 MG
14428,MCF7
14429,RT4
14430,MCF7
14431,U-2 OS
14432,RT4
14433,RT4
14434,U-251 MG
14435,PC-3
14436,A549
14437,A549
14438,MCF7
14439,HEK 293
14440,MCF7
14441,PC-3
14442,MCF7
14443,MCF7
14444,U-2 OS
14445,HEK 293
14446,RT4
14447,MCF7
14448,RT4
14449,HEK 293
14450,PC-3
14451,RT4
14452,MCF7
14453,CACO-2
14454,MCF7
14455,HEK 293
14456,RT4
14457,RT4
14458,HEK 293
14459,RT4
14460,HEK 293
14461,PC-3
14462,MCF7
14463,MCF7
14464,MCF7
14465,U-251 MG
14466,CACO-2
14467,U-2 OS
14468,U-251 MG
14469,CACO-2
14470,U-2 OS
14471,PC-3
14472,HEK 293
14473,MCF7
14474,PC-3
14475,HeLa
14476,MCF7
14477,CACO-2
14478,CACO-2
14479,MCF7
14480,CACO-2
14481,HeLa
14482,MCF7
14483,RT4
14484,U-2 OS
14485,RT4
14486,HEK 293
14487,RT4
14488,HeLa
14489,U-2 OS
14490,RT4
14491,RT4
14492,HEK 293
14493,RT4
14494,CACO-2
14495,HEK 293
14496,CACO-2
14497,HEK 293
14498,MCF7
14499,RT4
14500,RT4
14501,MCF7
14502,RT4
14503,HEK 293
14504,RT4
14505,CACO-2
14506,MCF7
14507,MCF7
14508,PC-3
14509,U-2 OS
14510,U-251 MG
14511,PC-3
14512,RT4
14513,RT4
14514,HeLa
14515,HeLa
14516,HEK 293
14517,PC-3
14518,PC-3
14519,PC-3
14520,MCF7
14521,RT4
14522,HEK 293
14523,CACO-2
14524,HEK 293
14525,MCF7
14526,HEK 293
14527,RT4
14528,RT4
14529,CACO-2
14530,A549
14531,U-251 MG
14532,MCF7
14533,U-251 MG
14534,HEK 293
14535,RT4
14536,U-2 OS
14537,HEK 293
14538,RT4
14539,A549
14540,PC-3
14541,A549
14542,RT4
14543,MCF7
14544,MCF7
14545,PC-3
14546,HEK 293
14547,RT4
14548,RT4
14549,MCF7
14550,MCF7
14551,HEK 293
14552,CACO-2
14553,PC-3
14554,RT4
14555,U-2 OS
14556,RT4
14557,A549
14558,HEK 293
14559,HEK 293
14560,MCF7
14561,MCF7
14562,MCF7
14563,HEK 293
14564,MCF7
14565,HEK 293
14566,U-251 MG
14567,RT4
14568,RT4
14569,RT4
14570,MCF7
14571,U-2 OS
14572,HEK 293
14573,PC-3
14574,A549
14575,U-251 MG
14576,MCF7
14577,U-2 OS
14578,CACO-2
14579,RT4
14580,U-251 MG
14581,U-2 OS
14582,MCF7
14583,U-2 OS
14584,MCF7
14585,U-2 OS
14586,HeLa
14587,MCF7
14588,RT4
14589,HeLa
14590,MCF7
14591,PC-3
14592,HEK 293
14593,RT4
14594,MCF7
14595,MCF7
14596,RT4
14597,HEK 293
14598,CACO-2
14599,PC-3
14600,RT4
14601,HEK 293
14602,MCF7
14603,MCF7
14604,MCF7
14605,U-251 MG
14606,RT4
14607,U-251 MG
14608,MCF7
14609,MCF7
14610,U-2 OS
14611,RT4
14612,MCF7
14613,CACO-2
14614,MCF7
14615,CACO-2
14616,MCF7
14617,MCF7
14618,RT4
14619,CACO-2
14620,MCF7
14621,HEK 293
14622,A549
14623,A549
14624,HEK 293
14625,HEK 293
14626,MCF7
14627,HEK 293
14628,MCF7
14629,U-2 OS
14630,RT4
14631,A549
14632,CACO-2
14633,MCF7
14634,RT4
14635,U-251 MG
14636,HEK 293
14637,HeLa
14638,RT4
14639,MCF7
14640,HEK 293
14641,HEK 293
14642,HeLa
14643,MCF7
14644,RT4
14645,HEK 293
14646,MCF7
14647,HEK 293
14648,U-251 MG
14649,U-251 MG
14650,HeLa
14651,RT4
14652,HEK 293
14653,CACO-2
14654,PC-3
14655,HEK 293
14656,PC-3
14657,HeLa
14658,MCF7
14659,HeLa
14660,MCF7
14661,RT4
14662,MCF7
14663,RT4
14664,U-2 OS
14665,RT4
14666,RT4
14667,HEK 293
14668,U-2 OS
14669,HEK 293
14670,CACO-2
14671,HEK 293
14672,MCF7
14673,RT4
14674,RT4
14675,HEK 293
14676,MCF7
14677,U-251 MG
14678,RT4
14679,RT4
14680,HEK 293
14681,RT4
14682,U-251 MG
14683,PC-3
14684,RT4
14685,MCF7
14686,CACO-2
14687,MCF7
14688,MCF7
14689,MCF7
14690,MCF7
14691,RT4
14692,CACO-2
14693,MCF7
14694,CACO-2
14695,MCF7
14696,MCF7
14697,HeLa
14698,HEK 293
14699,MCF7
14700,RT4
14701,A549
14702,MCF7
14703,U-2 OS
14704,PC-3
14705,U-251 MG
14706,RT4
14707,HEK 293
14708,RT4
14709,U-2 OS
14710,RT4
14711,HEK 293
14712,MCF7
14713,U-251 MG
14714,PC-3
14715,A549
14716,HEK 293
14717,U-2 OS
14718,RT4
14719,U-2 OS
14720,A549
14721,MCF7
14722,A549
14723,HEK 293
14724,U-251 MG
14725,HeLa
14726,RT4
14727,U-251 MG
14728,U-2 OS
14729,PC-3
14730,RT4
14731,U-251 MG
14732,HEK 293
14733,HeLa
14734,RT4
14735,PC-3
14736,RT4
14737,MCF7
14738,RT4
14739,HeLa
14740,A549
14741,CACO-2
14742,PC-3
14743,U-2 OS
14744,HeLa
14745,A549
14746,MCF7
14747,MCF7
14748,A549
14749,RT4
14750,RT4
14751,RT4
14752,U-2 OS
14753,A549
14754,HEK 293
14755,A549
14756,RT4
14757,U-2 OS
14758,MCF7
14759,HeLa
14760,HEK 293
14761,MCF7
14762,HeLa
14763,MCF7
14764,RT4
14765,HEK 293
14766,HEK 293
14767,HeLa
14768,MCF7
14769,RT4
14770,A549
14771,MCF7
14772,CACO-2
14773,U-251 MG
14774,MCF7
14775,RT4
14776,CACO-2
14777,CACO-2
14778,U-251 MG
14779,U-251 MG
14780,A549
14781,U-251 MG
14782,MCF7
14783,MCF7
14784,PC-3
14785,U-2 OS
14786,RT4
14787,RT4
14788,PC-3
14789,U-2 OS
14790,RT4
14791,MCF7
14792,RT4
14793,RT4
14794,MCF7
14795,U-251 MG
14796,MCF7
14797,MCF7
14798,HeLa
14799,U-251 MG
14800,RT4
14801,CACO-2
14802,CACO-2
14803,A549
14804,A549
14805,U-2 OS
14806,HEK 293
14807,A549
14808,RT4
14809,MCF7
14810,HeLa
14811,HEK 293
14812,RT4
14813,MCF7
14814,HEK 293
14815,RT4
14816,PC-3
14817,U-2 OS
14818,MCF7
14819,A549
14820,HEK 293
14821,HeLa
14822,HeLa
14823,HEK 293
14824,CACO-2
14825,HEK 293
14826,MCF7
14827,HeLa
14828,HEK 293
14829,RT4
14830,HEK 293
14831,MCF7
14832,HEK 293
14833,RT4
14834,CACO-2
14835,CACO-2
14836,RT4
14837,HeLa
14838,PC-3
14839,RT4
14840,MCF7
14841,HEK 293
14842,RT4
14843,HEK 293
14844,MCF7
14845,RT4
14846,MCF7
14847,U-2 OS
14848,MCF7
14849,PC-3
14850,RT4
14851,MCF7
14852,RT4
14853,A549
14854,PC-3
14855,MCF7
14856,HEK 293
14857,RT4
14858,RT4
14859,U-2 OS
14860,RT4
14861,MCF7
14862,U-2 OS
14863,HEK 293
14864,HeLa
14865,RT4
14866,MCF7
14867,HEK 293
14868,RT4
14869,HeLa
14870,MCF7
14871,RT4
14872,RT4
14873,RT4
14874,MCF7
14875,PC-3
14876,RT4
14877,MCF7
14878,MCF7
14879,CACO-2
14880,U-2 OS
14881,HEK 293
14882,RT4
14883,RT4
14884,A549
14885,HeLa
14886,MCF7
14887,HEK 293
14888,HEK 293
14889,HEK 293
14890,MCF7
14891,MCF7
14892,MCF7
14893,MCF7
14894,U-2 OS
14895,MCF7
14896,RT4
14897,U-2 OS
14898,A549
14899,RT4
14900,RT4
14901,HeLa
14902,CACO-2
14903,HEK 293
14904,HeLa
14905,HeLa
14906,HEK 293
14907,MCF7
14908,RT4
14909,RT4
14910,RT4
14911,HEK 293
14912,U-2 OS
14913,HeLa
14914,RT4
14915,HEK 293
14916,HEK 293
14917,RT4
14918,MCF7
14919,U-2 OS
14920,RT4
14921,U-2 OS
14922,HEK 293
14923,U-2 OS
14924,HEK 293
14925,RT4
14926,RT4
14927,HEK 293
14928,U-2 OS
14929,HeLa
14930,MCF7
14931,RT4
14932,HeLa
14933,MCF7
14934,RT4
14935,CACO-2
14936,RT4
14937,U-2 OS
14938,PC-3
14939,RT4
14940,MCF7
14941,HEK 293
14942,PC-3
14943,MCF7
14944,HEK 293
14945,RT4
14946,RT4
14947,MCF7
14948,HEK 293
14949,MCF7
14950,RT4
14951,RT4
14952,HEK 293
14953,MCF7
14954,RT4
14955,HEK 293
14956,A549
14957,RT4
14958,A549
14959,MCF7
14960,MCF7
14961,HEK 293
14962,RT4
14963,RT4
14964,HEK 293
14965,PC-3
14966,MCF7
14967,RT4
14968,CACO-2
14969,RT4
14970,PC-3
14971,HeLa
14972,U-2 OS
14973,HEK 293
14974,CACO-2
14975,MCF7
14976,A549
14977,RT4
14978,MCF7
14979,HEK 293
14980,PC-3
14981,HEK 293
14982,HEK 293
14983,A549
14984,RT4
14985,MCF7
14986,HEK 293
14987,PC-3
14988,U-2 OS
14989,RT4
14990,RT4
14991,A549
14992,A549
14993,HEK 293
14994,RT4
14995,RT4
14996,MCF7
14997,U-251 MG
14998,MCF7
14999,U-2 OS
15000,RT4
15001,RT4
15002,RT4
15003,HEK 293
15004,CACO-2
15005,RT4
15006,RT4
15007,RT4
15008,HEK 293
15009,RT4
15010,CACO-2
15011,HEK 293
15012,CACO-2
15013,MCF7
15014,RT4
15015,MCF7
15016,MCF7
15017,HEK 293
15018,U-2 OS
15019,MCF7
15020,RT4
15021,CACO-2
15022,RT4
15023,U-2 OS
15024,HeLa
15025,RT4
15026,CACO-2
15027,RT4
15028,RT4
15029,CACO-2
15030,RT4
15031,CACO-2
15032,CACO-2
15033,U-251 MG
15034,RT4
15035,A549
15036,RT4
15037,RT4
15038,RT4
15039,A549
15040,HEK 293
15041,MCF7
15042,MCF7
15043,RT4
15044,MCF7
15045,RT4
15046,RT4
15047,RT4
15048,U-251 MG
15049,MCF7
15050,RT4
15051,U-2 OS
15052,MCF7
15053,RT4
15054,PC-3
15055,MCF7
15056,PC-3
15057,RT4
15058,U-251 MG
15059,MCF7
15060,RT4
15061,U-2 OS
15062,RT4
15063,RT4
15064,HEK 293
15065,MCF7
15066,RT4
15067,U-2 OS
15068,HEK 293
15069,HeLa
15070,RT4
15071,A549
15072,HEK 293
15073,RT4
15074,RT4
15075,MCF7
15076,RT4
15077,RT4
15078,HEK 293
15079,PC-3
15080,CACO-2
15081,RT4
15082,A549
15083,RT4
15084,RT4
15085,HeLa
15086,MCF7
15087,U-251 MG
15088,CACO-2
15089,U-2 OS
15090,MCF7
15091,MCF7
15092,U-251 MG
15093,PC-3
15094,A549
15095,RT4
15096,HEK 293
15097,MCF7
15098,RT4
15099,CACO-2
15100,RT4
15101,HEK 293
15102,RT4
15103,RT4
15104,RT4
15105,PC-3
15106,HEK 293
15107,A549
15108,MCF7
15109,U-2 OS
15110,HEK 293
15111,MCF7
15112,HEK 293
15113,RT4
15114,RT4
15115,RT4
15116,U-2 OS
15117,PC-3
15118,PC-3
15119,PC-3
15120,U-2 OS
15121,PC-3
15122,HeLa
15123,HeLa
15124,PC-3
15125,U-2 OS
15126,PC-3
15127,HEK 293
15128,CACO-2
15129,HEK 293
15130,U-251 MG
15131,MCF7
15132,RT4
15133,HeLa
15134,MCF7
15135,RT4
15136,RT4
15137,RT4
15138,U-251 MG
15139,MCF7
15140,RT4
15141,RT4
15142,A549
15143,U-251 MG
15144,CACO-2
15145,MCF7
15146,HEK 293
15147,RT4
15148,RT4
15149,HeLa
15150,U-2 OS
15151,HeLa
15152,CACO-2
15153,RT4
15154,RT4
15155,PC-3
15156,U-2 OS
15157,RT4
15158,HeLa
15159,MCF7
15160,MCF7
15161,U-2 OS
15162,RT4
15163,RT4
15164,MCF7
15165,CACO-2
15166,HeLa
15167,A549
15168,RT4
15169,RT4
15170,U-251 MG
15171,MCF7
15172,RT4
15173,U-2 OS
15174,RT4
15175,RT4
15176,PC-3
15177,RT4
15178,U-251 MG
15179,U-251 MG
15180,U-251 MG
15181,PC-3
15182,RT4
15183,MCF7
15184,A549
15185,A549
15186,U-251 MG
15187,MCF7
15188,MCF7
15189,CACO-2
15190,RT4
15191,CACO-2
15192,HeLa
15193,HEK 293
15194,U-2 OS
15195,HeLa
15196,RT4
15197,U-2 OS
15198,RT4
15199,HEK 293
15200,RT4
15201,HeLa
15202,RT4
15203,HeLa
15204,HEK 293
15205,PC-3
15206,MCF7
15207,CACO-2
15208,U-251 MG
15209,MCF7
15210,PC-3
15211,HEK 293
15212,HeLa
15213,RT4
15214,MCF7
15215,HeLa
15216,U-251 MG
15217,U-251 MG
15218,MCF7
15219,U-2 OS
15220,A549
15221,CACO-2
15222,U-2 OS
15223,HEK 293
15224,RT4
15225,RT4
15226,HEK 293
15227,RT4
15228,HEK 293
15229,CACO-2
15230,A549
15231,PC-3
15232,HEK 293
15233,U-2 OS
15234,U-2 OS
15235,RT4
15236,RT4
15237,U-2 OS
15238,RT4
15239,HEK 293
15240,MCF7
15241,A549
15242,U-251 MG
15243,MCF7
15244,RT4
15245,RT4
15246,U-2 OS
15247,PC-3
15248,RT4
15249,RT4
15250,RT4
15251,MCF7
15252,MCF7
15253,U-2 OS
15254,RT4
15255,RT4
15256,U-251 MG
15257,HEK 293
15258,MCF7
15259,RT4
15260,RT4
15261,MCF7
15262,MCF7
15263,MCF7
15264,HEK 293
15265,U-2 OS
15266,HEK 293
15267,MCF7
15268,MCF7
15269,CACO-2
15270,U-2 OS
15271,A549
15272,PC-3
15273,PC-3
15274,HEK 293
15275,RT4
15276,MCF7
15277,HeLa
15278,PC-3
15279,MCF7
15280,RT4
15281,CACO-2
15282,MCF7
15283,MCF7
15284,U-251 MG
15285,RT4
15286,RT4
15287,U-2 OS
15288,RT4
15289,RT4
15290,RT4
15291,MCF7
15292,PC-3
15293,MCF7
15294,PC-3
15295,PC-3
15296,CACO-2
15297,CACO-2
15298,RT4
15299,MCF7
15300,HEK 293
15301,PC-3
15302,A549
15303,MCF7
15304,RT4
15305,HEK 293
15306,A549
15307,RT4
15308,U-2 OS
15309,MCF7
15310,PC-3
15311,RT4
15312,U-251 MG
15313,A549
15314,HeLa
15315,CACO-2
15316,A549
15317,RT4
15318,U-2 OS
15319,HEK 293
15320,MCF7
15321,RT4
15322,MCF7
15323,HeLa
15324,RT4
15325,RT4
15326,HeLa
15327,MCF7
15328,CACO-2
15329,A549
15330,MCF7
15331,MCF7
15332,MCF7
15333,HeLa
15334,HEK 293
15335,MCF7
15336,PC-3
15337,A549
15338,RT4
15339,PC-3
15340,MCF7
15341,RT4
15342,MCF7
15343,HeLa
15344,U-251 MG
15345,HeLa
15346,MCF7
15347,RT4
15348,HEK 293
15349,U-251 MG
15350,MCF7
15351,RT4
15352,RT4
15353,RT4
15354,HEK 293
15355,RT4
15356,RT4
15357,HEK 293
15358,HEK 293
15359,MCF7
15360,MCF7
15361,MCF7
15362,U-251 MG
15363,RT4
15364,A549
15365,RT4
15366,HEK 293
15367,PC-3
15368,U-2 OS
15369,MCF7
15370,HeLa
15371,PC-3
15372,RT4
15373,CACO-2
15374,HEK 293
15375,MCF7
15376,RT4
15377,RT4
15378,RT4
15379,U-2 OS
15380,MCF7
15381,A549
15382,MCF7
15383,CACO-2
15384,HeLa
15385,RT4
15386,U-251 MG
15387,MCF7
15388,MCF7
15389,PC-3
15390,RT4
15391,U-251 MG
15392,RT4
15393,RT4
15394,RT4
15395,CACO-2
15396,MCF7
15397,MCF7
15398,U-251 MG
15399,MCF7
15400,RT4
15401,RT4
15402,HEK 293
15403,HEK 293
15404,MCF7
15405,HeLa
15406,U-2 OS
15407,HeLa
15408,HEK 293
15409,A549
15410,MCF7
15411,MCF7
15412,U-2 OS
15413,RT4
15414,CACO-2
15415,A549
15416,CACO-2
15417,PC-3
15418,HEK 293
15419,MCF7
15420,HeLa
15421,A549
15422,PC-3
15423,MCF7
15424,PC-3
15425,RT4
15426,MCF7
15427,HeLa
15428,PC-3
15429,RT4
15430,A549
15431,A549
15432,A549
15433,HEK 293
15434,MCF7
15435,MCF7
15436,HeLa
15437,RT4
15438,CACO-2
15439,RT4
15440,PC-3
15441,RT4
15442,HEK 293
15443,RT4
15444,MCF7
15445,U-2 OS
15446,CACO-2
15447,MCF7
15448,PC-3
15449,U-251 MG
15450,U-2 OS
15451,HEK 293
15452,RT4
15453,MCF7
15454,MCF7
15455,U-2 OS
15456,RT4
15457,A549
15458,HEK 293
15459,MCF7
15460,RT4
15461,MCF7
15462,MCF7
15463,MCF7
15464,MCF7
15465,HEK 293
15466,U-251 MG
15467,PC-3
15468,MCF7
15469,A549
15470,HEK 293
15471,MCF7
15472,HEK 293
15473,RT4
15474,HEK 293
15475,MCF7
15476,A549
15477,MCF7
15478,PC-3
15479,U-2 OS
15480,MCF7
15481,CACO-2
15482,HEK 293
15483,PC-3
15484,CACO-2
15485,U-2 OS
15486,U-2 OS
15487,CACO-2
15488,RT4
15489,HeLa
15490,MCF7
15491,U-2 OS
15492,MCF7
15493,MCF7
15494,CACO-2
15495,U-251 MG
15496,U-251 MG
15497,HEK 293
15498,PC-3
15499,MCF7
15500,A549
15501,HEK 293
15502,CACO-2
15503,U-2 OS
15504,RT4
15505,RT4
15506,HEK 293
15507,RT4
15508,HEK 293
15509,HeLa
15510,PC-3
15511,RT4
15512,RT4
15513,HEK 293
15514,RT4
15515,HeLa
15516,PC-3
15517,HEK 293
15518,RT4
15519,MCF7
15520,HEK 293
15521,U-251 MG
15522,MCF7
15523,U-251 MG
15524,RT4
15525,HeLa
15526,RT4
15527,HEK 293
15528,CACO-2
15529,MCF7
15530,U-2 OS
15531,U-251 MG
15532,RT4
15533,HEK 293
15534,MCF7
15535,U-251 MG
15536,A549
15537,MCF7
15538,RT4
15539,RT4
15540,HEK 293
15541,PC-3
15542,HEK 293
15543,U-2 OS
15544,HEK 293
15545,RT4
15546,RT4
15547,HEK 293
15548,HEK 293
15549,A549
15550,RT4
15551,MCF7
15552,RT4
15553,U-251 MG
15554,MCF7
15555,U-2 OS
15556,CACO-2
15557,MCF7
15558,MCF7
15559,A549
15560,RT4
15561,HEK 293
15562,HeLa
15563,U-251 MG
15564,RT4
15565,PC-3
15566,MCF7
15567,RT4
15568,MCF7
15569,HEK 293
15570,HEK 293
15571,RT4
15572,U-251 MG
15573,PC-3
15574,HeLa
15575,MCF7
15576,HeLa
15577,RT4
15578,HeLa
15579,A549
15580,U-251 MG
15581,U-2 OS
15582,RT4
15583,MCF7
15584,RT4
15585,HeLa
15586,A549
15587,RT4
15588,MCF7
15589,CACO-2
15590,HeLa
15591,RT4
15592,RT4
15593,A549
15594,MCF7
15595,MCF7
15596,HEK 293
15597,A549
15598,A549
15599,RT4
15600,A549
15601,HEK 293
15602,RT4
15603,PC-3
15604,U-2 OS
15605,CACO-2
15606,HEK 293
15607,U-251 MG
15608,PC-3
15609,PC-3
15610,HEK 293
15611,PC-3
15612,MCF7
15613,CACO-2
15614,HEK 293
15615,U-251 MG
15616,MCF7
15617,MCF7
15618,RT4
15619,HEK 293
15620,HEK 293
15621,RT4
15622,RT4
15623,RT4
15624,MCF7
15625,RT4
15626,HEK 293
15627,A549
15628,MCF7
15629,U-2 OS
15630,HEK 293
15631,HeLa
15632,HeLa
15633,HEK 293
15634,PC-3
15635,RT4
15636,U-2 OS
15637,CACO-2
15638,MCF7
15639,MCF7
15640,RT4
15641,A549
15642,MCF7
15643,RT4
15644,HEK 293
15645,RT4
15646,RT4
15647,HEK 293
15648,HEK 293
15649,CACO-2
15650,MCF7
15651,RT4
15652,HEK 293
15653,HeLa
15654,MCF7
15655,RT4
15656,PC-3
15657,U-2 OS
15658,HEK 293
15659,HEK 293
15660,HEK 293
15661,RT4
15662,U-251 MG
15663,RT4
15664,U-2 OS
15665,HEK 293
15666,HEK 293
15667,MCF7
15668,U-2 OS
15669,MCF7
15670,HEK 293
15671,HEK 293
15672,RT4
15673,U-251 MG
15674,RT4
15675,MCF7
15676,U-2 OS
15677,MCF7
15678,HEK 293
15679,PC-3
15680,MCF7
15681,RT4
15682,RT4
15683,RT4
15684,MCF7
15685,RT4
15686,RT4
15687,RT4
15688,MCF7
15689,CACO-2
15690,RT4
15691,PC-3
15692,RT4
15693,MCF7
15694,HEK 293
15695,CACO-2
15696,MCF7
15697,CACO-2
15698,A549
15699,RT4
15700,RT4
15701,PC-3
15702,HEK 293
15703,RT4
15704,RT4
15705,HEK 293
15706,RT4
15707,RT4
15708,RT4
15709,U-2 OS
15710,CACO-2
15711,U-251 MG
15712,A549
15713,RT4
15714,MCF7
15715,A549
15716,RT4
15717,RT4
15718,MCF7
15719,RT4
15720,MCF7
15721,HeLa
15722,MCF7
15723,HEK 293
15724,RT4
15725,HEK 293
15726,CACO-2
15727,RT4
15728,HEK 293
15729,RT4
15730,HEK 293
15731,MCF7
15732,U-2 OS
15733,RT4
15734,A549
15735,PC-3
15736,MCF7
15737,MCF7
15738,RT4
15739,A549
15740,U-2 OS
15741,MCF7
15742,RT4
15743,HEK 293
15744,HeLa
15745,A549
15746,U-251 MG
15747,RT4
15748,RT4
15749,RT4
15750,MCF7
15751,MCF7
15752,HEK 293
15753,HEK 293
15754,HEK 293
15755,MCF7
15756,RT4
15757,RT4
15758,RT4
15759,PC-3
15760,PC-3
15761,RT4
15762,MCF7
15763,HEK 293
15764,RT4
15765,CACO-2
15766,A549
15767,RT4
15768,RT4
15769,CACO-2
15770,CACO-2
15771,HEK 293
15772,HeLa
15773,MCF7
15774,RT4
15775,U-251 MG
15776,RT4
15777,PC-3
15778,PC-3
15779,HEK 293
15780,HEK 293
15781,CACO-2
15782,CACO-2
15783,RT4
15784,HEK 293
15785,A549
15786,MCF7
15787,CACO-2
15788,A549
15789,RT4
15790,U-2 OS
15791,HEK 293
15792,HEK 293
15793,U-2 OS
15794,U-2 OS
15795,MCF7
15796,CACO-2
15797,RT4
15798,U-2 OS
15799,A549
15800,U-2 OS
15801,HEK 293
15802,MCF7
15803,CACO-2
15804,RT4
15805,RT4
15806,HEK 293
15807,RT4
15808,U-2 OS
15809,RT4
15810,RT4
15811,CACO-2
15812,HeLa
15813,CACO-2
15814,MCF7
15815,HEK 293
15816,A549
15817,MCF7
15818,U-2 OS
15819,MCF7
15820,MCF7
15821,U-251 MG
15822,PC-3
15823,RT4
15824,U-251 MG
15825,RT4
15826,HEK 293
15827,U-251 MG
15828,CACO-2
15829,CACO-2
15830,MCF7
15831,HEK 293
15832,PC-3
15833,PC-3
15834,HEK 293
15835,PC-3
15836,U-2 OS
15837,HeLa
15838,HEK 293
15839,MCF7
15840,PC-3
15841,MCF7
15842,MCF7
15843,HEK 293
15844,RT4
15845,U-251 MG
15846,MCF7
15847,HEK 293
15848,RT4
15849,A549
15850,PC-3
15851,HEK 293
15852,MCF7
15853,MCF7
15854,MCF7
15855,RT4
15856,MCF7
15857,MCF7
15858,HeLa
15859,RT4
15860,HEK 293
15861,MCF7
15862,PC-3
15863,CACO-2
15864,RT4
15865,RT4
15866,A549
15867,RT4
15868,RT4
15869,MCF7
15870,RT4
15871,A549
15872,U-251 MG
15873,U-251 MG
15874,RT4
15875,RT4
15876,U-2 OS
15877,HEK 293
15878,MCF7
15879,CACO-2
15880,CACO-2
15881,PC-3
15882,MCF7
15883,RT4
15884,HeLa
15885,RT4
15886,RT4
15887,U-2 OS
15888,U-2 OS
15889,PC-3
15890,A549
15891,U-251 MG
15892,MCF7
15893,U-251 MG
15894,U-2 OS
15895,HEK 293
15896,MCF7
15897,A549
15898,RT4
15899,U-2 OS
15900,PC-3
15901,HeLa
15902,RT4
15903,A549
15904,MCF7
15905,RT4
15906,U-2 OS
15907,HEK 293
15908,CACO-2
15909,PC-3
15910,HEK 293
15911,U-2 OS
15912,U-251 MG
15913,HEK 293
15914,MCF7
15915,U-251 MG
15916,HeLa
15917,HEK 293
15918,HeLa
15919,RT4
15920,A549
15921,HEK 293
15922,HeLa
15923,MCF7
15924,RT4
15925,MCF7
15926,MCF7
15927,U-251 MG
15928,PC-3
15929,U-251 MG
15930,MCF7
15931,PC-3
15932,MCF7
15933,HeLa
15934,MCF7
15935,MCF7
15936,U-2 OS
15937,HeLa
15938,RT4
15939,HEK 293
15940,RT4
15941,HEK 293
15942,RT4
15943,U-2 OS
15944,U-2 OS
15945,U-2 OS
15946,RT4
15947,RT4
15948,U-251 MG
15949,MCF7
15950,CACO-2
15951,A549
15952,A549
15953,MCF7
15954,MCF7
15955,RT4
15956,U-251 MG
15957,A549
15958,HeLa
15959,U-251 MG
15960,PC-3
15961,CACO-2
15962,RT4
15963,A549
15964,HEK 293
15965,RT4
15966,RT4
15967,HEK 293
15968,MCF7
15969,MCF7
15970,U-251 MG
15971,CACO-2
15972,U-251 MG
15973,HeLa
15974,RT4
15975,CACO-2
15976,A549
15977,CACO-2
15978,HEK 293
15979,PC-3
15980,MCF7
15981,HEK 293
15982,A549
15983,RT4
15984,A549
15985,HEK 293
15986,PC-3
15987,A549
15988,MCF7
15989,HeLa
15990,MCF7
15991,MCF7
15992,U-2 OS
15993,MCF7
15994,CACO-2
15995,HeLa
15996,RT4
15997,U-2 OS
15998,CACO-2
15999,MCF7
16000,RT4
16001,RT4
16002,HEK 293
16003,RT4
16004,MCF7
16005,U-2 OS
16006,MCF7
16007,U-2 OS
16008,U-2 OS
16009,HEK 293
16010,U-2 OS
16011,A549
16012,HEK 293
16013,RT4
16014,MCF7
16015,RT4
16016,HEK 293
16017,RT4
16018,RT4
16019,MCF7
16020,PC-3
16021,PC-3
16022,HeLa
16023,MCF7
16024,CACO-2
16025,HEK 293
16026,PC-3
16027,U-2 OS
16028,HEK 293
16029,PC-3
16030,MCF7
16031,CACO-2
16032,A549
16033,U-2 OS
16034,HEK 293
16035,MCF7
16036,MCF7
16037,U-2 OS
16038,RT4
16039,RT4
16040,HEK 293
16041,RT4
16042,U-2 OS
16043,U-251 MG
16044,HEK 293
16045,RT4
16046,RT4
16047,RT4
16048,A549
16049,RT4
16050,HEK 293
16051,PC-3
16052,RT4
16053,PC-3
16054,A549
16055,A549
16056,A549
16057,MCF7
16058,RT4
16059,PC-3
16060,RT4
16061,MCF7
16062,A549
16063,HEK 293
16064,MCF7
16065,HEK 293
16066,HEK 293
16067,MCF7
16068,HeLa
16069,RT4
16070,HEK 293
16071,HEK 293
16072,RT4
16073,MCF7
16074,RT4
16075,CACO-2
16076,HeLa
16077,HEK 293
16078,A549
16079,HEK 293
16080,U-251 MG
16081,U-251 MG
16082,RT4
16083,RT4
16084,MCF7
16085,HEK 293
16086,MCF7
16087,MCF7
16088,HEK 293
16089,MCF7
16090,MCF7
16091,RT4
16092,RT4
16093,RT4
16094,MCF7
16095,HEK 293
16096,HeLa
16097,U-251 MG
16098,HEK 293
16099,RT4
16100,RT4
16101,MCF7
16102,MCF7
16103,HEK 293
16104,MCF7
16105,RT4
16106,A549
16107,U-2 OS
16108,RT4
16109,HEK 293
16110,U-2 OS
16111,A549
16112,MCF7
16113,RT4
16114,MCF7
16115,PC-3
16116,RT4
16117,RT4
16118,U-2 OS
16119,U-2 OS
16120,HEK 293
16121,RT4
16122,HEK 293
16123,MCF7
16124,HEK 293
16125,U-251 MG
16126,A549
16127,HeLa
16128,PC-3
16129,MCF7
16130,MCF7
16131,CACO-2
16132,U-251 MG
16133,MCF7
16134,MCF7
16135,HEK 293
16136,MCF7
16137,RT4
16138,CACO-2
16139,MCF7
16140,HEK 293
16141,PC-3
16142,RT4
16143,HeLa
16144,HEK 293
16145,RT4
16146,HEK 293
16147,RT4
16148,MCF7
16149,MCF7
16150,PC-3
16151,RT4
16152,RT4
16153,U-2 OS
16154,PC-3
16155,RT4
16156,RT4
16157,RT4
16158,HEK 293
16159,U-251 MG
16160,HEK 293
16161,PC-3
16162,MCF7
16163,RT4
16164,RT4
16165,MCF7
16166,RT4
16167,MCF7
16168,RT4
16169,RT4
16170,MCF7
16171,U-2 OS
16172,A549
16173,MCF7
16174,PC-3
16175,MCF7
16176,MCF7
16177,MCF7
16178,HEK 293
16179,HEK 293
16180,HEK 293
16181,RT4
16182,RT4
16183,MCF7
16184,CACO-2
16185,HeLa
16186,RT4
16187,CACO-2
16188,RT4
16189,RT4
16190,HeLa
16191,HeLa
16192,U-251 MG
16193,MCF7
16194,MCF7
16195,PC-3
16196,MCF7
16197,U-251 MG
16198,A549
16199,MCF7
16200,RT4
16201,MCF7
16202,MCF7
16203,MCF7
16204,CACO-2
16205,HEK 293
16206,MCF7
16207,MCF7
16208,HeLa
16209,HEK 293
16210,CACO-2
16211,RT4
16212,PC-3
16213,MCF7
16214,MCF7
16215,U-251 MG
16216,MCF7
16217,A549
16218,HeLa
16219,A549
16220,PC-3
16221,HEK 293
16222,A549
16223,MCF7
16224,A549
16225,RT4
16226,HEK 293
16227,RT4
16228,A549
16229,RT4
16230,HEK 293
16231,MCF7
16232,PC-3
16233,HEK 293
16234,RT4
16235,RT4
16236,HEK 293
16237,PC-3
16238,MCF7
16239,MCF7
16240,RT4
16241,MCF7
16242,HEK 293
16243,RT4
16244,PC-3
16245,A549
16246,HeLa
16247,RT4
16248,CACO-2
16249,A549
16250,MCF7
16251,CACO-2
16252,HEK 293
16253,PC-3
16254,HEK 293
16255,RT4
16256,RT4
16257,RT4
16258,RT4
16259,RT4
16260,U-2 OS
16261,MCF7
16262,U-251 MG
16263,A549
16264,PC-3
16265,RT4
16266,A549
16267,U-2 OS
16268,RT4
16269,HEK 293
16270,PC-3
16271,MCF7
16272,MCF7
16273,U-2 OS
16274,RT4
16275,RT4
16276,MCF7
16277,U-2 OS
16278,PC-3
16279,PC-3
16280,A549
16281,HeLa
16282,CACO-2
16283,A549
16284,RT4
16285,CACO-2
16286,HeLa
16287,HEK 293
16288,MCF7
16289,A549
16290,MCF7
16291,MCF7
16292,RT4
16293,CACO-2
16294,HeLa
16295,MCF7
16296,RT4
16297,PC-3
16298,PC-3
16299,A549
16300,U-2 OS
16301,HEK 293
16302,A549
16303,PC-3
16304,HeLa
16305,HeLa
16306,CACO-2
16307,HEK 293
16308,HeLa
16309,RT4
16310,RT4
16311,CACO-2
16312,MCF7
16313,PC-3
16314,RT4
16315,MCF7
16316,MCF7
16317,HeLa
16318,HEK 293
16319,CACO-2
16320,MCF7
16321,A549
16322,RT4
16323,HeLa
16324,RT4
16325,A549
16326,RT4
16327,CACO-2
16328,MCF7
16329,MCF7
16330,U-2 OS
16331,U-251 MG
16332,U-2 OS
16333,MCF7
16334,HeLa
16335,MCF7
16336,RT4
16337,RT4
16338,MCF7
16339,RT4
16340,U-251 MG
16341,A549
16342,U-2 OS
16343,RT4
16344,RT4
16345,PC-3
16346,U-2 OS
16347,PC-3
16348,MCF7
16349,CACO-2
16350,HEK 293
16351,PC-3
16352,U-2 OS
16353,HEK 293
16354,U-2 OS
16355,A549
16356,RT4
16357,MCF7
16358,HEK 293
16359,HeLa
16360,HEK 293
16361,CACO-2
16362,RT4
16363,MCF7
16364,U-2 OS
16365,RT4
16366,HeLa
16367,MCF7
16368,MCF7
16369,RT4
16370,MCF7
16371,HEK 293
16372,HEK 293
16373,CACO-2
16374,RT4
16375,MCF7
16376,PC-3
16377,U-2 OS
16378,RT4
16379,RT4
16380,CACO-2
16381,MCF7
16382,MCF7
16383,RT4
16384,MCF7
16385,CACO-2
16386,HEK 293
16387,MCF7
16388,U-2 OS
16389,HeLa
16390,MCF7
16391,U-251 MG
16392,MCF7
16393,MCF7
16394,RT4
16395,RT4
16396,HEK 293
16397,U-2 OS
16398,RT4
16399,RT4
16400,U-2 OS
16401,HEK 293
16402,U-2 OS
16403,HeLa
16404,MCF7
16405,U-251 MG
16406,PC-3
16407,MCF7
16408,A549
16409,PC-3
16410,RT4
16411,PC-3
16412,RT4
16413,MCF7
16414,RT4
16415,CACO-2
16416,RT4
16417,HEK 293
16418,U-2 OS
16419,HeLa
16420,A549
16421,MCF7
16422,MCF7
16423,U-251 MG
16424,HeLa
16425,RT4
16426,MCF7
16427,PC-3
16428,HeLa
16429,HEK 293
16430,RT4
16431,A549
16432,A549
16433,A549
16434,MCF7
16435,U-2 OS
16436,A549
16437,HEK 293
16438,RT4
16439,RT4
16440,A549
16441,CACO-2
16442,MCF7
16443,HeLa
16444,PC-3
16445,A549
16446,CACO-2
16447,HEK 293
16448,A549
16449,A549
16450,U-2 OS
16451,HEK 293
16452,HeLa
16453,RT4
16454,A549
16455,MCF7
16456,CACO-2
16457,MCF7
16458,A549
16459,HeLa
16460,RT4
16461,HEK 293
16462,MCF7
16463,U-2 OS
16464,RT4
16465,RT4
16466,A549
16467,RT4
16468,MCF7
16469,MCF7
16470,MCF7
16471,MCF7
16472,PC-3
16473,RT4
16474,A549
16475,RT4
16476,HEK 293
16477,PC-3
16478,HEK 293
16479,CACO-2
16480,RT4
16481,CACO-2
16482,RT4
16483,HEK 293
16484,HeLa
16485,RT4
16486,PC-3
16487,PC-3
16488,RT4
16489,A549
16490,RT4
16491,U-2 OS
16492,MCF7
16493,U-2 OS
16494,PC-3
16495,U-2 OS
16496,U-251 MG
16497,HEK 293
16498,HEK 293
16499,RT4
16500,U-251 MG
16501,MCF7
